id,topic,hebreo,phonetic,malagasy
1,Isa,אֶפֶס,efes,Aotra
2,Isa,אֶחָד,echad,Iray
3,Isa,שְׁתַּיִם,shtayim,Roa
4,Isa,שָׁלוֹשׁ,shalosh,Telo
5,Isa,אַרְבַּע,arba,Efatra
6,Isa,חָמֵשׁ,chamesh,Dimy
7,Isa,שֵׁשׁ,shesh,Enina
8,Isa,שֶׁבַע,sheva,Fito
9,Isa,שְׁמוֹנָה,shmoneh,Valo
10,Isa,תֵּשַׁע,tesha,Sivy
11,Isa,עָשָׂר,eser,Folo
12,Isa,אַחַת עֶשְׂרֵה,achat esreh,Iraika amby folo
13,Isa,שְׁתַּיִם עֶשְׂרֵה,shteym esreh,Roa amby folo
14,Isa,שְׁלוֹשׁ עֶשְׂרֵה,shlosh esreh,Telo amby folo
15,Isa,אַרְבַּע עֶשְׂרֵה,arba esreh,Efatra amby folo
16,Isa,חֲמֵשׁ עֶשְׂרֵה,chamesh esreh,Dimy amby folo
17,Isa,שֵׁשׁ עֶשְׂרֵה,shesh esreh,Enina amby folo
18,Isa,שְׁבַע עֶשְׂרֵה,shva esreh,Fito amby folo
19,Isa,שְׁמוֹנֶה עֶשְׂרֵה,shmonah esre,Valo amby folo
20,Isa,תְּשַׁע עֶשְׂרֵה,tsha esreh,Sivy amby folo
21,Isa,עֶשְׂרִים,esrim,Roapolo
22,Isa,עֶשְׂרִים וְאַחַת,esrim veachat,Iraika amby roapolo
23,Isa,שְׁלוֹשִׁים,shloshim,Telopolo
24,Isa,אַרְבָּעִים,arbaim,Efapolo
25,Isa,חֲמִשִּׁים,chamishim,Dimapolo
26,Isa,שִׁשִּׁים,shishim,Enipolo
27,Isa,שִׁבְעִים,shivim,Fitopolo
28,Isa,שְׁמוֹנִים,shmonim,Valopolo
29,Isa,תִּשְׁעִים,tishim,Sivifolo
30,Isa,מֵאָה,meah,Zato
31,Isa,מָאתַיִם,matayim,Roanjato
32,Isa,שְׁלוֹשׁ מֵאוֹת,shlosh meot,Telonjato
33,Isa,אֶלֶף,elef,Arivo
34,Isa,עֲשֶׂרֶת אֲלָפִים,aseret alafim,Iray alina
35,Isa,עֶשְׂרִים אֶלֶף,esrim elef,Iray hetsy
36,Isa,מִילְיוֹן,million,Iray tapitrisa
37,Isa,עָשָׂר מִילְיוֹן,eser million,Folo tapitrisa
38,Fiarahabana sy firariantsoa,שָׁלוֹם!,shalom!,"Fiadanana, fahasalamana!"
39,Fiarahabana sy firariantsoa,בֹּקֶר טוֹב!,boqer tov!,Tsara maraina!
40,Fiarahabana sy firariantsoa,עֶרֶב טוֹב!,erev tov!,Tsara hariva!
41,Fiarahabana sy firariantsoa,בָּרוּךְ הַבָּא!,barukh haba!,Tongasoa!
42,Fiarahabana sy firariantsoa,מָה שְׁלוֹמְךָ?,mah shlomkha?,Manao ahoana ny fahasalamanao?
43,Fiarahabana sy firariantsoa,"אֲנִי בְּסֵדֶר, תּוֹדָה!","ani beseder, todah!","Salama ihany aho fa misaotra!"""
44,Fiarahabana sy firariantsoa,וְאַתָּה?,veatah?,Ary ianao?
45,Fiarahabana sy firariantsoa,בְּסֵדֶר.,beseder.,Salama ihany | Milamina tsara.
46,Fiarahabana sy firariantsoa,אֵיךְ הוֹלֵךְ?,eykh holekh?,Ahoana ny fandehany?
47,Fiarahabana sy firariantsoa,אֵין תְּלוּנוֹת.,eyn tlunot.,Tsy misy tokony hitarainana.
48,Fiarahabana sy firariantsoa,אֲנִי מְאוֹד שָׂמֵחַ לִרְאוֹת אוֹתְךָ.,ani meod sameach lirot otkha.,Faly be aho ny mahita anao.
49,Fiarahabana sy firariantsoa,תּוֹדָה רַבָּה לֵךְ!,todah rabah lekha!,Misaotra betsaka anao!
50,Fiarahabana sy firariantsoa,עַל לֹא דָּבָר!,al lo davar!,Tsy misy tokony hisaorana!
51,Fiarahabana sy firariantsoa,מָה חָדָשׁ?,mah chadash?,Inona no vaovao?
52,Fiarahabana sy firariantsoa,לֹא הַרְבֵּה.,lo harbeh.,Tsy misy ambara.
53,Fiarahabana sy firariantsoa,אֲנִי חַיָּב לָלֶכֶת.,ani chayav lalekhet.,Izaho io tsy maintsy mandeha.
54,Fiarahabana sy firariantsoa,נִהְיָה מְאֻחָר.,nehiyah meuchar.,Efa tratra aoriana ny fotoana.
55,Fiarahabana sy firariantsoa,נִתְרָאֶה מָחָר.,nitraeh machar.,Rahampitso izany  mihaona.
56,Fiarahabana sy firariantsoa,בְּהַצְלָחָה!,behatslachah!,Mirary fahombiazana!
57,Fiarahabana sy firariantsoa,תּוֹדָה שֶׁבָּאתָ.,todah shebata.,Misaotra anao tonga.
58,Fiarahabana sy firariantsoa,אֶחְזֹר עוֹד רֶגַע.,echzor od rega.,Vetivety aho dia miverina.
59,Fiarahabana sy firariantsoa,לַיְלָה טוֹב!,laylah tov!,Soavà ny alina!
60,Fiarahabana sy firariantsoa,נִתְרָאֶה מְאֻחָר יוֹתֵר!,nitraeh meuchar yoter.,Mandrapihaona ho amin’ny aoriana indray!
61,Fiarahabana sy firariantsoa,שֶׁיִּהְיֶה לְךָ יוֹם נָעִים!,sheyihyeh lekha yom naim!,Mirary tontolo andro mahafinaritra ho anao!
62,Fiarahabana sy firariantsoa,לְהִתְרָאוֹת!,lehitraot!,Mandrapihaona!
63,Fiarahabana sy firariantsoa,יוֹם הֻלֶּדֶת שָׂמֵחַ!,yom huledet sameach!,Arahabaina nahatratra ny tsingerin-taona nahaterahana!
64,Fiarahabana sy firariantsoa,חַג מוֹלָד שָׂמֵחַ!,chag molad sameach!,Mirary fetin’ny krismasy mahafinaritra!
65,Fiarahabana sy firariantsoa,שָׁנָה טוֹבָה!,shanah tovah!,Arahabaina nahatratra ny taona!
66,Fiarahabana sy firariantsoa,הַאִם אַתָּה דּוֹבֵר...?,haim atah dover…?,Ianao ve miteny…?
67,Fiarahabana sy firariantsoa,אַנְגְּלִית,anglit,anglisy
68,Fiarahabana sy firariantsoa,יַפָּנִית,yapanit,japoney
69,Fiarahabana sy firariantsoa,צָרְפָתִית,tsarfatit,frantsay
70,Fiarahabana sy firariantsoa,סְפָרַדִּית,sfaradit,espaniola
71,Fiarahabana sy firariantsoa,גֶּרְמָנִית,germanit,alemà
72,Fiarahabana sy firariantsoa,אִיטַלְקִית,italqit,italiana
73,Fiarahabana sy firariantsoa,עַרְבִית,aravit,arabo
74,Fiarahabana sy firariantsoa,סִינִית,sinit,sinoa
75,Fiarahabana sy firariantsoa,שְׁוֵדִית,shvedit,soisa
76,Fiarahabana sy firariantsoa,רוּסִית,rusit,rosiana
77,Resadresaka,מָה הַשֵּׁם שֶׁלְּךָ?,mah hashem shelkha?,Iza no anaranao?
78,Resadresaka,הַשֵּׁם שֶׁלִּי הוּא...,hashem sheli hu...,…no anarako.
79,Resadresaka,נָעִים לְהַכִּיר אוֹתְךָ.,naim lehakir otkha.,Finaritra mifankahalala aminao.
80,Resadresaka,בְּעֹנֶג רַב.,beoneg rav.,Am-pahafinaretana tokoa.
81,Resadresaka,בֶּן כַּמָּה אַתָּה?,ben kamah atah?,Firy taona ianao?
82,Resadresaka,אֲנִי בֶּן ...,ani ben…,…taona aho.
83,Resadresaka,מֵהֵיכָן אַתָּה?,meheykhan atah?,Avy aiza ny fihavianao?
84,Resadresaka,אֲנִי מ...,ani me...,Avy any…ny fihaviako
85,Resadresaka,הֵיכָן אַתָּה חַי?,heykhan atah chai?,Aiza ianao no mivelona?
86,Resadresaka,בְּמָה אַתָּה עוֹבֵד?,bemah atah oved?,Inona no asanao?
87,Resadresaka,אֲנִי סְטוּדֵנְט.,ani student.,Mpianatra aho.
88,Resadresaka,אֲנִי עוֹבֵד כ...,ani oved ke…,… no asako.
89,Resadresaka,אֲנִי פֶּנְסְיוֹנֵר עַכְשָׁו.,ani pensioner akhshav.,Efa mpiasa misotro ronono aho izao.
90,Resadresaka,הָיִיתִי..,hayiti…,Efa...aho.
91,Resadresaka,מְהַנְדֵּס,mehandes,injeniera
92,Resadresaka,מוֹרֶה,moreh,mpampianatra
93,Resadresaka,רוֹפֵא,rofe,"mpitsabo, dokotera"
94,Resadresaka,עוֹרֵךְ דִּין,orekh din,mpisolo vava
95,Resadresaka,פָּקִיד,paqid,"mpiandraikitra, mpiraki-draharaha"
96,Resadresaka,נַהָג,nahag,mpamily fiara
97,Resadresaka,נַגָּר,nagar,mpandrafitra
98,Resadresaka,אָחוֹת,achot,mpitsabo vavy mpanampy
99,Resadresaka,עִתּוֹנַאי,itonai,mpanao gazety
100,Resadresaka,שְׁרַבְרַב,shravrav,mpikirakira fampidiran-drano
101,Resadresaka,מַלָּח,malach,tantsambo
102,Resadresaka,מָה מִסְפַּר הַטֵּלֵפוֹן שֶׁלָּךְ?,mah mispar hatelefon shelkha?,Firy ny laharan’ny findainao?
103,Resadresaka,בְּאֵיזֶה תַּאֲרִיךְ נוֹלַדְתָּ?,beyzeh taarikh noladeta?,Oviana no daty nahaterahanao?
104,Resadresaka,הֵיכָן נוֹלַדְתָּ?,heykhan noladeta?,Taiza ianao no teraka?
105,Resadresaka,מָה הַכְּתֹבֶת שֶׁלְּךָ?,mah haktovet shelkha?,Inona no adiresinao?
106,Resadresaka,אֶרְצֶה לְהַכִּיר אֶת מִשְׁפַּחְתְּךָ.,ertseh lehakir et mishpachatekha,Sitrako raha mba mifankahalala amin’ny fianakavianao.
107,Resadresaka,זוֹ..,zo…,Ity ny …
108,Resadresaka,אִמִּי,imi,reniko
109,Resadresaka,אָבִי,avi,raiko
110,Resadresaka,אֲחוֹתִי,achoti,"rahavaviko, anabaviko"
111,Resadresaka,אָחִי,achi,"rahalahiko, anadahiko"
112,Resadresaka,בְּנִי,bni,zanako lahy
113,Resadresaka,בִּתִּי,biti,zanako vavy
114,Resadresaka,דּוֹדָתִי,dodati,nenitoako
115,Resadresaka,דּוּדִי,dodi,dadatoako
116,Resadresaka,בֶּן דּוֹדִי,ben dodi,cousin
117,Resadresaka,סָבָתִי,savati,nenibeko
118,Resadresaka,סָבִי,sabi,dadabeko
119,Resadresaka,נֶכְדָּתִי,nekhdati,zafiko vavy
120,Resadresaka,נֶכְדִּי,nekhdi,zafiko lahy
121,Tondrozotra sy toerana,תּוּכַל לְהַרְאוֹת לִי אֶת הַמַּפָּה?,tukhal leharot li et hamapah?,Ianao ve afaka mampiseho sary tondrotany ahy?
122,Tondrozotra sy toerana,רְחוֹב,rechov,"lalana, arabe"
123,Tondrozotra sy toerana,מִצַּד שְׂמֹאל,mitsad smol,amin’ny lafiny havia
124,Tondrozotra sy toerana,מִצַּד יָמִין,mitsad yamin,amin’ny lafiny havanana
125,Tondrozotra sy toerana,פְּנֵה שְׂמֹאלָה,pneh smolah,Mivilià miankavia
126,Tondrozotra sy toerana,פְּנֵה יָמִינָה,pneh yaminah,Mivilià miankavanana
127,Tondrozotra sy toerana,שְׂמֹאל,smol,havia
128,Tondrozotra sy toerana,יָמִין,yamin,havanana
129,Tondrozotra sy toerana,יָשָׁר,yashar,mahitsy
130,Tondrozotra sy toerana,לְעֵבֶר,leavar,mandalo ny
131,Tondrozotra sy toerana,לִפְנֵי,lifnei,eo alohan’ny
132,Tondrozotra sy toerana,צָפוֹן,tsafon,avaratra
133,Tondrozotra sy toerana,דָּרוֹם,darom,atsimo
134,Tondrozotra sy toerana,מִזְרָח,mizrach,atsinanana
135,Tondrozotra sy toerana,מַעֲרָב,maarav,andrefana
136,Tondrozotra sy toerana,בַּיְּרִידָה,beyeridah,eo amin’ny fidinana
137,Tondrozotra sy toerana,בַּעֲלִיָּה,bealiyah,eo amin’ny fiakarana
138,Tondrozotra sy toerana,הַאִם זֹאת הַדֶּרֶךְ ל..?,haim zot haderekh le..?,Ity ve no lalana mankany …?
139,Tondrozotra sy toerana,הַאִם אֲנִי חַיָּב לָלֶכֶת ל..?,haim ani chayav lalekhet le..?,Tsy maintsy mandeha mankany … ve aho?
140,Tondrozotra sy toerana,אִבַּדְתִּי אֶת הַדֶּרֶךְ.,ibadeti et haderekh.,Very lalana aho.
141,Tondrozotra sy toerana,זֶה כָּאן.,zeh kan.,Eto ilay izy.
142,Tondrozotra sy toerana,הַאִם זֶה בַּכִּוּוּן הַזֶּה?,haim zeh bakivun hazeh?,Amin’ity zotra ity ve izany?
143,Tondrozotra sy toerana,זֶה קָרוֹב ל...,zeh qarov le…,Akaikin’ny…ilay izy.
144,Tondrozotra sy toerana,זֶה לְיַד...,zeh leyad...,Anilan’ny…ilay izy.
145,Tondrozotra sy toerana,הַאִם זֹאת הַדֶּרֶךְ הַנְּכוֹנָה?,haim zot haderekh hanekhonah?,Ity ve no lalana tena marina?
146,Tondrozotra sy toerana,לְכַמָּה זְמַן?,lekamah zman?,"Adiny firy, hafiriana?"
147,Tondrozotra sy toerana,הֵיכָן?,heykhan?,Aiza?
148,Tondrozotra sy toerana,כַּמָּה זְמַן עַד ל?...,kamah zman ad le...,Adin’ny firy vao tonga any…?
149,Tondrozotra sy toerana,בַּנְק,banq,banky
150,Tondrozotra sy toerana,תַּחֲנַת רַכֶּבֶת,tachanat rakevet,tobim-piantsonan’ny fiaradalamby
151,Tondrozotra sy toerana,פַּארְק,parq,"saha malalaka fitsangatsanganana, parkà"
152,Tondrozotra sy toerana,קַנְיוֹן,qanion,toeram-pivarotana lehibe
153,Tondrozotra sy toerana,כְּנֵסִיָּה,knesiah,fiangonana
154,Tondrozotra sy toerana,בָּר,bar,"toeram-pisotroana, barà"
155,Tondrozotra sy toerana,מִסְעָדָה,misadah,toeram-pisakafoanana
156,Tondrozotra sy toerana,בֵּית קָפֶה,beyt qafeh,toeram-pivarotana kafe
157,Tondrozotra sy toerana,דֹּאַר,doar,biraon’ny paositra
158,Tondrozotra sy toerana,בֵּית מִרְקַחַת,beyt mirqachat,fivarotam-panafody
159,Tondrozotra sy toerana,בֵּית חוֹלִים,beyt cholim,"toeram-pitsaboana, hopitaly"
160,Tondrozotra sy toerana,סוּפֶּרְמַרְקֶט,supermarqet,toeram-pivarotana lehibe
161,Tondrozotra sy toerana,בֵּית קוֹלְנוֹעַ,beyt qolnoa,sinemà
162,Tondrozotra sy toerana,מוּזֵאוֹן,muzeon,tranombakoka
163,Tondrozotra sy toerana,גַּן חַיּוֹת,gan chayot,valan-javaboaary
164,Tondrozotra sy toerana,שְׂדֵה תְּעוּפָה,sdeh teufah,seranam-piaramanidina
165,Tondrozotra sy toerana,תַּחֲנַת רַכֶּבֶת תַּחְתִּית,tachanat rakevet tachtit,seranan-dalamby mandeha ambany tany
166,Tondrozotra sy toerana,שֵׁרוּתִים,sherutim,trano fivoahana
167,Tondrozotra sy toerana,חוֹף הַיָּם,chof hayam,moron-dranomasina
168,Fotoana sy daty,עַכְשָׁו,akhshav,"ankehitriny, izao, amin’izao"
169,Fotoana sy daty,אַחַר כָּךְ,achar kakh,aorian’izay
170,Fotoana sy daty,לִפְנֵי,lifnei,alohan’ny
171,Fotoana sy daty,בּוֹקֵר,boqer,maraina
172,Fotoana sy daty,מָחָר בַּבֹּקֶר,machar baboqer,rahampitso maraina
173,Fotoana sy daty,אַחַר הַצָּהֳרַיִם,achar hatsohorayim,aorian’ny mitataovovonana
174,Fotoana sy daty,עֶרֶב,erev,hariva
175,Fotoana sy daty,לַיְלָה,laylah,alina
176,Fotoana sy daty,הָעֶרֶב,haerev,"anio hariva, rahariva"
177,Fotoana sy daty,הַיּוֹם,hayom,"androany, anio"
178,Fotoana sy daty,אֶתְמוֹל,etmol,omaly
179,Fotoana sy daty,שִׁלְשׁוֹם,shilshom,afak’omaly
180,Fotoana sy daty,מָחָר,machar,rahampitso
181,Fotoana sy daty,מָחֳרָתַיִם,macharotayim,rahafak’ampitso
182,Fotoana sy daty,הַשָּׁבוּעַ,hashavua,amin’ity herinandro ity
183,Fotoana sy daty,שָׁבוּעַ שֶׁעָבַר,shavua sheavar,ny herinandro lasa
184,Fotoana sy daty,שָׁבוּעַ הַבָּא,shavua haba,herinandro manaraka
185,Fotoana sy daty,הַחֹדֶשׁ,hachodesh,amin’ity volana ity
186,Fotoana sy daty,חֹדֶשׁ שֶׁעָבַר,chodesh sheavar,volana lasa
187,Fotoana sy daty,חֹדֶשׁ הַבָּא,chodesh haba,volana manaraka
188,Fotoana sy daty,הַשָּׁנָה,hashanah,amin’ity taona ity
189,Fotoana sy daty,שָׁנָה שֶׁעָבְרָה,shanah sheavrah,taona lasa
190,Fotoana sy daty,שָׁנָה הַבָּאָה,shanah habaah,taona manaraka
191,Fotoana sy daty,מָה הַשָּׁעָה?,mah hashaah?,Amin’ny firy kay izay?
192,Fotoana sy daty,הַשָּׁעָה 3 (3:00),hashaah shalosh (3:00),Amin’ny telo ora. (3:00)
193,Fotoana sy daty,הַשָּׁעָה שָׁלוֹשׁ וַחֲמִשָּׁה (3:05),hashaah shalosh vechamishah (3:05),Amin’ny telo sy dimy. (3:05)
194,Fotoana sy daty,הַשָּׁעָה חֲמִשָּׁה לְשָׁלוֹשׁ (2:55),hashaah chamishah leshalosh (2:55),Amin’ny telo latsaka dimy. (2:55)
195,Fotoana sy daty,הַשָּׁעָה שְׁתַּיִם וָחֵצִי (2:30),hashaah shtayim vachetsi (2:30),Amin’ny roa sy sasany. (2:30)
196,Fotoana sy daty,הַשָּׁעָה שָׁלוֹשׁ וָרֶבַע (3:15),hashaah shalosh vareva (3:15),Amin’ny telo sy fahefany. (3:15)
197,Fotoana sy daty,הַשָּׁעָה רֶבַע לְשָׁלוֹשׁ (2:45),hashaah reva leshalosh (2:45),Amin’ny telo latsaka fahefany. (2:45)
198,Fotoana sy daty,דַּקָּה,daqah,miniotra
199,Fotoana sy daty,שָׁעָה,shaah,ora
200,Fotoana sy daty,יוֹם,yom,andro
201,Fotoana sy daty,שָׁבוּעַ,shavua,herinandro
202,Fotoana sy daty,חֹדֶשׁ,chodesh,volana
203,Fotoana sy daty,שָׁנָה,shanah,taona
204,Fitaterana,תַּחֲנַת רַכֶּבֶת/תַּחֲנַת אוֹטוֹבּוּס,tachanat rakevet/otobus,seranan-dalamby/toeram-piantsonan’ny fiara fitateram-bahoaka
205,Fitaterana,אֵיפֹה אֲנִי יָכוֹל לִמְצֹא אֶת תַּחֲנַת הָרַכֶּבֶת?,eyfoh ani yakhol limtso et tachanat harekevet?,Aiza kay no ahafahako mahita ny seranan-dalamby?
206,Fitaterana,תּוּכַל לַעֲזֹר לִי עִם הַמִּטְעָן שֶׁלִּי?,tukhal laazor li im hamitaan sheli?,Afaka manampy ahy amin’ny entanako ve ianao?
207,Fitaterana,אֵיפֹה הַקֻּפָּה?,eyfoh hakupah?,Aiza kay ny toerana fandoavam-bola?
208,Fitaterana,אֲנִי צָרִיךְ כַּרְטִיס ל.. בְּבַקָּשָׁה.,ani tsarikh kartis le… bevaqashah.,Mila tapakila mankany…aho azafady.
209,Fitaterana,כַּמָּה עוֹלֶה כַּרְטִיס ל..?,kamah oleh kartis le…?,Ohatrinona kay no vidin’ny tapakila mankany…?
210,Fitaterana,מֵאֵיזֶה רָצִיף הִיא יוֹצֵאת?,meeyzeh ratsif hi yotset?,Aiza ho aiza amin’ny toerana misahana ny dia ilay izy no mivoaka mandeha?
211,Fitaterana,הָרַכֶּבֶת מִתְעַכֶּבֶת?,harakevet mitakevet?,Mihemotra angah ny fandehanan’ny fiaradalamny?
212,Fitaterana,לְאָן הָרַכֶּבֶת הַזֹּאת נוֹסַעַת?,lean harakevet hazot nosaat?,Manao dia mankaiza ity fiaradalamby ity?
213,Fitaterana,הַאִם הָרַכֶּבֶת עוֹצֶרֶת ב...?,haim harakevet otseret be.. ?,Mijanona ao…ve ity fiaradalamby ity?
214,Fitaterana,מָתַי הָרַכֶּבֶת הַזֹּאת יוֹצֵאת ל..?,matay harakevet hazot yotset le..?,Amin’ny firy no miainga mankany… ity fiaradalamby ity?
215,Fitaterana,מָתַי הָרַכֶּבֶת הַזֹּאת מַגִּיעָה ל...?,matay harakevet hazot magiah le..?,Amin’ny firy no tonga any… ity fiaradalamby ity?
216,Fitaterana,יְצִיאוֹת,yetsiot,Fiaingana
217,Fitaterana,הַגָּעוֹת,hagaot,Fahatongavana
218,Fitaterana,"סְלַח לִי, הַכִּסֵּא הַזֶּה תָּפוּס?","slach li, hakise hazeh tafus?","Miala tsiny, efa voahazona ve ity seza ity?"
219,Fitaterana,אוּכַל לִרְאוֹת אֶת הַכַּרְטִיס שֶׁלְּךָ בְּבַקָּשָׁה?,ukhal lirot et hakartis shelkha bevaqashah?,Azoko jerena ve ny tapakilanao azafady?
220,Fitaterana,אֵיזֶה אוֹטוֹבּוּס אֲנִי צָרִיךְ לָקַחַת ל...?,eyzeh otobus ani tsarikh laqachat le..?,Inona no fiara fitateram-bahoaka tsy maintsy raisiko mankany…?
221,Fitaterana,אֵיךְ אֲנִי מַגִּיעַ לִשְׂדֵה הַתְּעוּפָה?,eykh ani magia lisdeh hateufah?,Ahoana no hahatongavako any amin’ny seranam-piaramanidina?
222,Fitaterana,מָתַי זֶה אָמוּר לְהַמְרִיא?,matay zeh amur lehamri?,Amin’ny firy no heverina fa manainga ny fiaramanidina?
223,Fitaterana,אֵיפֹה אֲנִי יָכוֹל לְהַחְלִיף?,eyfoh ani yakhol lehachlif?,Aiza no ahafahako manao fanovàna?
224,Fitaterana,כְּלֵי רֶכֶב,kley rekhev,fiara
225,Fitaterana,מְכוֹנִית,mekhonit,fiarakodia
226,Fitaterana,אוֹטוֹבּוּס,otobus,fiara fitateram-bahoaka
227,Fitaterana,מוֹנִית,monit,fiara karetsaka
228,Fitaterana,רַכֶּבֶת,rakevet,fiaradalamby
229,Fitaterana,רַכֶּבֶת תַּחְתִּית,rakevet tachtit,fiaradalamby mandeha ambanin’ny tany
230,Fitaterana,אוֹפַנּוֹעַ,ofanoa,"kodiarandroa, moto"
231,Fitaterana,אוֹפַנַּיִם,ofanayim,"tongomalaky, bisikilèta"
232,Fitaterana,מָטוֹס,matos,fiaramanidina
233,Fitaterana,מַעְבֹּרֶת,maaboret,"baka, botry"
234,Fitaterana,סִירָה,sirah,sambo
235,Fizahantany,הַאִם טִיַּלְתָּ בַּחוֹל?,haim tiyalta bechul?,Efa nanao dia tany ivelany | an-dafy ve ianao?
236,Fizahantany,בְּאֵיזֶה מְדִינוֹת בִּקַּרְתָּ?,beyzeh medinot bikarta?,Firenena inona no notsidihanao?
237,Fizahantany,אֲנִי בִּקַּרְתִּי ב..,ani bikarti be…,Nitsidika tany…aho.
238,Fizahantany,אֲנִי אוֹהֵב לִרְאוֹת אֲתָרִים.,ani ohev lirot atarim.,Tia mijery toerana manan-tantara aho.
239,Fizahantany,אַתָּה אוֹהֵב לִצְעֹד?,ata ohev litsod?,Ianao ve mba tia mihaza?
240,Fizahantany,נוֹף,nof,velaran-tany tazamaso
241,Fizahantany,מִישׁוֹר,mishor,lemaka
242,Fizahantany,גְּבָעוֹת,gvaot,havoana
243,Fizahantany,הָרִים,harim,tendrombohitra
244,Fizahantany,קֶרַח,qerach,ranomandry
245,Fizahantany,אִי,i,nosy
246,Fizahantany,חֲצִי אִי,chatsi i,sombi-nosy  kely
247,Fizahantany,יַבֶּשֶׁת,yabashet,kaontinanta
248,Fizahantany,מְדִינוֹת,medinot,"firenena, fitondrana"
249,Fizahantany,עָרִים,arim,tanàna
250,Fizahantany,כְּפָרִים,kfarim,"tanàna madinika, vohitra, ambanivohitra"
251,Fizahantany,אֲנִי אוֹהֵב לְהִתְבּוֹנֵן בַּכּוֹכָבִים.,ani ohev lehitbonen bakokhavim.,Tia mandinika kintana aho.
252,Fizahantany,אַתָּה יוֹדֵעַ אֵיזֶה כּוֹכָב זֶה?,atah yodea eyzeh kokhav zeh?,Fantatrao ve hoe antoko kintana inona izao io?
253,Fizahantany,שֶׁמֶשׁ,shemesh,masoandro
254,Fizahantany,יָרֵחַ,yareach,volana
255,Fizahantany,כּוֹכָבִים,kokhavim,kintana
256,Fizahantany,כּוֹכְבֵי לֶכֶת,kokhavey lekhet,planeta
257,Fizahantany,שָׁמַיִם,shamayim,lanitra
258,Fizahantany,אֲדָמָה,adamah,tany onenana
259,Fizahantany,אוֹקְיָנוֹס,oqayanus,ranomasimbe
260,Fizahantany,יָם,yam,ranomasina
261,Fizahantany,נְהָרוֹת,neharot,ony
262,Fizahantany,אֲגַמִּים,agamin,farihy
263,Fizahantany,פְּרָחִים,prachim,voninkazo
264,Fizahantany,מָה הַפֶּרַח הַמָּעֳדָף עָלֶיךָ?,mah haperach hamoodaf aleykha?,Inona no voninkazo tena ankafizinao?
265,Fizahantany,הַפֶּרַח הַזֶּה מֵרִיחַ נֶחְמָד.,haperach hazeh meriach nechmad.,Tsara fofona izany voninkazo izany.
266,Fizahantany,לִילָךְ,lilakh,Lilas
267,Fizahantany,סַחְלָב,sachlav,Orchidée
268,Fizahantany,צִפֹּרֶן,tsiporen,Oeillet
269,Fizahantany,חֲבַצֶּלֶת,chavatselet,"Lis, lys"
270,Fizahantany,חִנָּנִית,chananit,Marguerite
271,Fizahantany,לָבֶנְדֵּר,lavender,Lavande
272,Fizahantany,צִבְעוֹנִי,tsivoni,Tulipe
273,Fizahantany,וֶרֶד,vered,Rose
274,Fizahantany,חַמָּנִית,chamaniyah,Tournesol
275,Fizahantany,פֶּרֶג,pereg,Coquelicot
276,Fizahantany,פַּעֲמוֹנֵי הַשֶּׁלֶג,pamoney hasheleg,Perce-neige
277,Fizahantany,שׁוֹשַׁנַּת מַיִם,shoshanat mayim,Nénuphar
278,Fizahantany,עֵצִים,etsim,hazo
279,Fizahantany,אֵיזֶה עֵץ זֶה?,eyzeh ets zeh?,Hazo inona ity?
280,Fizahantany,אַלּוֹן,elon,Oak
281,Fizahantany,אַשּׁוּחַ,ashoach,Chêne
282,Fizahantany,אֹרֶן,oren,Pin
283,Fizahantany,אַשּׁוּר,ashor,Hêtre
284,Fizahantany,שֶׁדָּר,sheder,Bouleau
285,Fizahantany,עֲרָבָה,aravah,Saule
286,Fizahantany,אַלְמוֹן,almon,Erable
287,Fizahantany,אֲדָר,adar,Maple
288,Fizahantany,דֶּקֶל,deqel,Palme
289,Fizahantany,אוּלְמוּס,olmos,Orme
290,Fizahantany,סִדֵּר,sider,Sedera
291,Misakafo any ivelany,תִּרְצֶה לָלֶכֶת לַאֲרוּחַת צָהֳרַיִם?,tirtseh lalekhet learuchat tsohorayim?,Sitrakao ve raha mandeha mivoaka misakafo atoandro?
292,Misakafo any ivelany,אֵיפֹה אוּכַל לִמְצֹא מִסְעָדָה?,eyfoh ukhal limtso misadah?,Aiza kay no ahafahako mahita toeram-pisakafoanana?
293,Misakafo any ivelany,אֵיזֶה סוּג שֶׁל אֹכֶל אַתָּה אוֹהֵב?,eyzeh sug shel ohel atah ohev?,Karazan-tsakafo inona no tianao?
294,Misakafo any ivelany,אֲנִי אוֹהֵב לֶאֱכֹל אֹכֶל אִיטַלְקִי.,ani ohev leekhol okhel italqi.,Sakafo italiana no tiako hohanina.
295,Misakafo any ivelany,שֻׁלְחָן לִשְׁנַיִם בְּבַקָּשָׁה.,shulchan lishnayim bevaqashah.,Latabatra ho an’olon-droa azafady.
296,Misakafo any ivelany,אוּכַל לִרְאוֹת אֶת הַתַּפְרִיט בְּבַקָּשָׁה?,ukhal lirot et hatafrit bevaqashah?,Mba afaka jereko ve ny tolotra azafady?
297,Misakafo any ivelany,אוּכַל לָקַחַת אֶת הַהַזְמָנָה שֶׁלְּךָ?,ukhal laqachat et hahazmanah shelkha ?,Mba afaka raisiko ve ny  fampanovanareo | kaomandinareo?
298,Misakafo any ivelany,יֵשׁ לְךָ מְנַת הַדֶּגֶל?,yesh lekha menat hadegel,Misy sakafo manokana ny anio ve ato aminao?
299,Misakafo any ivelany,עַל מָה אַתָּה מַמְלִיץ?,al mah atah mamlits?,Mahakasika ny inona no toromarikao?
300,Misakafo any ivelany,אֲנַחְנוּ רוֹצִים לְהַזְמִין...,anachnu rotsim lehazmin...,Mba te hanao kaomandy…izahay.
301,Misakafo any ivelany,מַשֶּׁהוּ לִשְׁתּוֹת?,mashehu lishtot?,Zavatra hosotroina?
302,Misakafo any ivelany,אֲנִי צִמְחוֹנִי.,ani tsimchoni.,Mpandala fihinanana legioma 
303,Misakafo any ivelany,יֵשׁ לְךָ מָנוֹת צִמְחוֹנִיּוֹת?,yesh lekha manot tsimchoniot?,Misy sakafo ho an’ny mpandala fihinanana legioma ve ato aminao?
304,Misakafo any ivelany,אֲנִי לֹא אוֹכֵל חֲזִיר.,ani lo okhel chazir.,Tsy mihinana kisoa aho.
305,Misakafo any ivelany,אֵיךְ הָיָה הָאֹכֶל?,eykh hayah haokhel?,Nanao ahoana ny sakafo?
306,Misakafo any ivelany,זֶה טָעִים.,zeh taim.,Matsiro ilay izy.
307,Misakafo any ivelany,זֶה מָלוּחַ מִדַּי.,zeh maluach midai.,Be sira loatra ilay izy.
308,Misakafo any ivelany,זֶה מָתוֹק מִדַּי.,zeh matoq midai.,Mamy loatra ilay izy.
309,Misakafo any ivelany,זֶה חָמוּץ מִדַּי.,zeh chamuts midai.,Marikivy loatra ilay izy.
310,Misakafo any ivelany,זֶה מַר מִדַּי.,zeh mar midai.,Mangidy loatra ilay izy.
311,Misakafo any ivelany,זֶה חַם מִדַּי.,zeh cham midai.,Mahamay loatra ilay izy.
312,Misakafo any ivelany,זֶה חָרִיף מִדַּי.,zeh charif midai.,Masiaka loatra ilay izy.
313,Misakafo any ivelany,אֲנִי מָלֵא.,ani male.,Afa-po aho.
314,Misakafo any ivelany,הַאִם יֵשׁ לְךָ וַיְפַיְ כָּאן?,haim yesh lekha wifi kan?,Misy WI-FI ve ato aminao?
315,Misakafo any ivelany,מָה הַסִּסְמָא שֶׁל וַיְפֵי?,mah hasisma shel ha-wifi?,Inona no tenimiafin’ny WI-FI?
316,Misakafo any ivelany,זֶה הָיָה טָעִים.,zeh hayah taim.,Natsiro ilay izy.
317,Misakafo any ivelany,"חֶשְׁבּוֹן, בְּבַקָּשָׁה.","cheshbon, bevaqashah.","Ny tambatra, azafady."
318,Misakafo any ivelany,בְּבַקָּשָׁה שְׁמֹר עַל הָעֹדֶף.,bevaqashah shmor al haodef,Tsy maninona fa tano ho anao ny famerim-bola.
319,Misakafo any ivelany,הֵיכָן הַשֵּׁרוּתִים?,heykhan hasherutim?,Aiza kay ny trano fivoahana?
320,Misakafo any ivelany,מֶלְצַר,meltsar,Mpandroso sakafo
321,Misakafo any ivelany,שֵׁף,shef,Mpanandran-tsiro
322,Misakafo any ivelany,שֻׁלְחָן,shulchan,latabatra
323,Misakafo any ivelany,כִּסֵּא,kise,seza
324,Misakafo any ivelany,צַלַּחַת,tsalachat,lovia
325,Misakafo any ivelany,סָכוּם,sakum,fitaovam-pihinanana
326,Misakafo any ivelany,כַּף,kaf,sotro
327,Misakafo any ivelany,מַזְלֵג,mazleg,sotrorovitra
328,Misakafo any ivelany,סַכִּין,sakin,antsy
329,Misakafo any ivelany,כּוֹס,kos,"vera, kaopy"
330,Misakafo any ivelany,מַפִּית,mapit,mosara-databatra
331,Misakafo any ivelany,מַקְלוֹת אֲכִילָה,maklot akhilah,malaika
332,Misakafo any ivelany,מָנָה עִקָּרִית,manah iqarit,foto-tsakafo
333,Misakafo any ivelany,מְתַאַבְנִים,metavnim,sakafo fandrisihana fahazotoan-komana
334,Misakafo any ivelany,פַּסְטָה,pastah,paty
335,Misakafo any ivelany,מַרְק,maraq,lasopy
336,Misakafo any ivelany,סְטֵיְק,steyk,"tonon-kena, bifteka"
337,Misakafo any ivelany,סָלָט,salat,lasary
338,Misakafo any ivelany,פִּירָה,pirah,"debok’ovy, ovy nopotsehina"
339,Misakafo any ivelany,"""צִ'יפְּס""",chips,frity
340,Misakafo any ivelany,הַמְבּוּרְגֵּר,hamburger,hamburger
341,Misakafo any ivelany,קַוְיָאר,qaviar,kaviara
342,Misakafo any ivelany,קִנּוּחַ,qinuach,tsindrin-tsakafo
343,Misakafo any ivelany,עוּגָה,ugah,mofo mamy
344,Misakafo any ivelany,פּוּדִינְג,puding,pudding
345,Misakafo any ivelany,פַּאי,pai,"tarte, tourte"
346,Misakafo any ivelany,גְּלִידָה,glidah,"fanalamamy, gilasy"
347,Misakafo any ivelany,פַּנְקֵיְקִים,panqeiqim," galety matevina, crêpe"
348,Misakafo any ivelany,מַאֲפִים,maafim,karazana mofomamy
349,Misakafo any ivelany,קְרוּאָסוֹן,qruason,"kroasà, croissant"
350,Misakafo any ivelany,בַּקְלָוָה,baqlawah,baklava
351,Misakafo any ivelany,אָקֵלֶר,aqeler,akelera
352,Fisitrahana zavatra,"שָׁלוֹם, כֵּיצַד אוּכַל לַעֲזֹר לְךָ?","shalom, keytsad ukhal laazor lekha?","ִFinaritra, ahoana no ahafahako manampy anao?"
353,Fisitrahana zavatra,יֵשׁ לִי הַזְמָנָה לְהַיּוֹם.,yesh li hazmanah lehayom.,Nanao famandrihana ho an’ny androany aho.
354,Fisitrahana zavatra,"כֵּן אֲדוֹנִי, תַּחַת אֵיזֶה שֵׁם?","ken adoni, tachat eyzeh shem?","Eny Andriamatoa, tamin’ny anaran’iza?"
355,Fisitrahana zavatra,זֶה תַּחַת הַשֵּׁם...,zeh tachat hashem…,Tamin’ny anaran’i…
356,Fisitrahana zavatra,"שָׁלוֹם, יֵשׁ חֶדֶר פָּנוּי?","shalom, yesh cheder panui?","Finaritra, mba misy efitrano malalaka ve?"
357,Fisitrahana zavatra,"כֵּן, יֵשׁ / לֹא, אֵין","ken, yesh / lo, ein","Eny, misy/Tsia, tsy misy."
358,Fisitrahana zavatra,אֲנִי אֶרְצֶה חֶדֶר בְּבַקָּשָׁה.,ani ertseh cheder bevaqashah.,Sitrako raha mba omena efitrano azafady.
359,Fisitrahana zavatra,כַּמָּה זְמַן תִּשָּׁאֵר?,kamah zman tishaer?,Hafiriana no hijanonanao?
360,Fisitrahana zavatra,אֲנִי אֶשָּׁאֵר לִשְׁנֵי לֵילוֹת.,ani eshaer lishney leylot.,Hijanona indroa alina aho.
361,Fisitrahana zavatra,כַּמָּה אֲנָשִׁים אַתֶּם?,kamah anashim atem?,Olona firy kay ianareo?
362,Fisitrahana zavatra,רַק אֲנִי. / שְׁנֵי אֲנָשִׁים.,raq ani. / shney anashim.,Izaho ihany. / Olona roa.
363,Fisitrahana zavatra,מִסְפַּר הַחֶדֶר שֶׁלְּךָ הוּא 212.,mispar hacheder shelkha  hu 212.,212 no laharan’ny efitranonao ary.
364,Fisitrahana zavatra,הִנֵּה הַמַּפְתֵּחַ שֶׁלָּךְ.,hineh hamafteach shelkha.,Indro ny fanalahidinao.
365,Fisitrahana zavatra,נָא לֹא לְהַפְרִיעַ.,na lo lehafria.,Miangavy aoka tsy hisy hanelingelina.
366,Fisitrahana zavatra,אוּכַל לְקַבֵּל חֶדֶר אַחֵר?,ukhal leqabel cheder acher?,Afaka ny mba mahazo efitrano hafa ve aho?
367,Fisitrahana zavatra,אֲנִי אֶרְצֶה לַעֲשׂוֹת צֵ'ק אָאוּט.,ani ertseh laasot checkout.,Mba mila sy hanefa ny taratasim-bola mialohany hialana aho azafady.
368,Fisitrahana zavatra,אֲנִי אֲשַׁלֵּם עִם הַכַּרְטִיס הָאַשְׁרַאי שֶׁלִּי/ בִּמְזֻמָּן.,ani ashalem im hakartis ashrai sheli/ bemezuman,Ho aloako amin’ny alalan’ny kara-bola / lelavola ny ahy.
369,Fisitrahana zavatra,תּוּכַל לְהַזְמִין מוֹנִית בְּבַקָּשָׁה?,tukhal lehazmin monit bevaqashah?,Ianao ve afaka mba manafatra fiara karetsaka azafady?
370,Fisitrahana zavatra,בַּבָּר,babar,"Ao amin’ny toeram-pisotroana, bara"
371,Fisitrahana zavatra,הַאִם אַתָּה מַגִּישׁ אַלְכּוֹהוֹל?,haim atah magish alkohol?,Mandroso zava-mpisotro alikaola ve ianao?
372,Fisitrahana zavatra,"בַּקְבּוּק אֶחָד / שְׁנֵי בַּקְבּוּקִים, בְּבַקָּשָׁה.","baqbuq echad/shney baqbuqim, bevaqashah.",Iray tavoahangy / roa tavoahangy/azafady.
373,Fisitrahana zavatra,כּוֹס שֶׁל יַיִן אָדֹם / יַיִן לָבָן.,kos shel yayin adom / yayin lavan,Iray vera amin’ny divay mena / divay fotsy azafady.
374,Fisitrahana zavatra,בַּקְבּוּק שֶׁל.. בְּבַקָּשָׁה.,baqbuq shel… bevaqashah.,Tavoahangy na….azafady.
375,Fisitrahana zavatra,"רוֹם וְקוֹלָה, בְּבַקָּשָׁה.","rom ve kolah, bevaqashah.","Rhum sy Colah, azafady."
376,Fisitrahana zavatra,וִיסְקִי,visqy,whisky
377,Fisitrahana zavatra,ווֹדְקָה,vodqah,vodka
378,Fisitrahana zavatra,רוֹם,rom,rhum
379,Fisitrahana zavatra,מַיִם,mayim,rano
380,Fisitrahana zavatra,לִימוֹנָדָה,limonadah,limonady
381,Fisitrahana zavatra,מִיץ תַּפּוּזִים,mits tapuzim,ranom-boankazo vita amin’ny voasary
382,Fisitrahana zavatra,קוֹלָה,cola,colah
383,Fisitrahana zavatra,"תֵּה קַר, בְּבַקָּשָׁה.","teh qar, bevaqashah.","dité mangatsiaka, azafady."
384,Fisitrahana zavatra,קָפֶה,qafeh,kafe
385,Fisitrahana zavatra,תֵּה,teh,"dité, ranomboafotsy"
386,Fisitrahana zavatra,מִיץ,mits,ranom-boankazo
387,Fisitrahana zavatra,מַיִם מִינֵרָלִים,mayim mineralim,rano mineraly
388,Fisitrahana zavatra,בִּירָה,birah,labiera
389,Fisitrahana zavatra,"שׁוּם דָּבָר בִּשְׁבִילִי, תּוֹדָה.","shum davar bishvili, toda.","Tsy anaovana na inona na inona aho, fa misaotra."
390,Fisitrahana zavatra,"עוֹד אֶחָד, בְּבַקָּשָׁה.","od echad, bevaqashah.","Mbola ampiana iray, azafady."
391,Fisitrahana zavatra,מָתַי אַתָּה סוֹגֵר?,matay atah soger?,Amin’ny firy ianao no mihidy?
392,Vonjy taitra,עֶזְרָה!,ezrah!,Vonjeo!
393,Vonjy taitra,אֲנִי אָבוּד.,ani avud.,Very lalana aho.
394,Vonjy taitra,אִבַּדְתִּי אֶת הַמִּטְעָן שֶׁלִּי.,ibadeti et hamitan sheli.,Very ny entanako.
395,Vonjy taitra,אִבַּדְתִּי אֶת הָאַרְנָק שֶׁלִּי.,ibadeti et haarnaq sheli.,Very ny katimbolako / famifim-bolako.
396,Vonjy taitra,אֲנִי פָּצוּעַ.,ani patsua.,Maratra aho.
397,Vonjy taitra,אַל תִּגַּע בִּי!,al tiga bi!,Aza mikasika ahy!
398,Vonjy taitra,אֲנִי אֶתְקַשֵּׁר לַמִּשְׁטָרָה.,ani etkasher lamishtarah.,Aleo fa hiantso ny paositry ny polisy aho.
399,Vonjy taitra,אֲנִי צָרִיךְ עֶזְרָה.,ani tsarikh ezra.,Mila fanampiana | vonjy aho.
400,Vonjy taitra,מִישֶׁהוּ כָּאן מְדַבֵּר אַנְגְּלִית?,mishehu kan medaber anglit?,Misy olona mba miteny anglisy ve eto?
401,Vonjy taitra,אֲנִי לֹא מֵבִין!,ani lo mevin!,Tsy azoko izay tiana ambara.
402,Vonjy taitra,זֶה מִקְרֵה חֵרוּם!,zeh mikreh charum!,Vonjy taitra ity.
403,Vonjy taitra,אֲנִי צָרִיךְ רוֹפֵא.,ani tsarikh rofe.,Mila mpitsabo aho.
404,Vonjy taitra,אוּכַל לְהִשְׁתַּמֵּשׁ בַּטֵּלֵפוֹן שֶׁלְּךָ?,ukhal lehishtamesh batelefon shelkha ?,Afaka ampiasaiko ve ny findainao?
405,Vonjy taitra,אֲנִי לֹא יוֹדֵעַ.,ani lo yodea.,Tsy haiko.
406,Vonjy taitra,אֵין לִי מֻשָּׂג.,ein li musag.,Tsy manan-kevitra aho.
407,Vonjy taitra,אַתָּה יָכוֹל לְדַבֵּר לְאַט?,atah yakhol ledaber leat?,Afaka ny mba miteny miadana ve ianao?
408,Vonjy taitra,אַתָּה יָכוֹל לַחְזֹר עַל זֶה בְּבַקָּשָׁה?,atah yakhol lachzor al zeh bevaqashah?,Afaka hiverenanao ve izay voalaza izay azafady?
409,Vonjy taitra,זוֹ הָיְתָה אִי הֲבָנָה.,zo hayetah i-havanah.,Tsy fifankahazoan-dresaka ilay izy.
410,Vonjy taitra,אֲנִי אֶזְרָח אָמֵרִיקָנִי.,ani ezrach ameriqani.,Teratany amerikanina aho.
411,Vonjy taitra,אֲנִי רוֹצֶה לְדַבֵּר עִם שַׁגְרִירוּת אַרְצוֹת הַבְּרִית.,ani rotseh ledaber im shgrirut artsot habrit.,Sitrako raha mba miresaka amin’ny ambasadin’ny Etazonia aho.
412,Vonjy taitra,אֲנִי מֵבִין.,ani mevin.,Azoko ny tiana ambara.
413,Vonjy taitra,בְּבַקָּשָׁה תִּכְתֹּב אֶת זֶה.,bevaqashah tikhtov et zeh.,"Azafady, mba soraty izao."
414,Vonjy taitra,"מִצְטַעֵר, לֹא הֵבַנְתִּי אֶת זֶה.","mitstaer, lo hevanti et zeh.","Miala tsiny, fa tsy nahazo ny tiana ambara ny amin’izay aho."
415,Vonjy taitra,מָה אָמַרְתָּ?,mah amarta?,Inona no nolazainao?
416,Vonjy taitra,אַתָּה יָכוֹל לְתַרְגֵּם לִי אֶת זֶה?,atah yakhol  letargem li et zeh?,Izany ve afaka mba ataonao dikateny amiko?
417,Vonjy taitra,מָה זֶה אוֹמֵר?,mah zeh omer?,Inona no tiana tenenina 
418,Fanontaniana,מָה?,mah?,"Inona, manao ahoana?"
419,Fanontaniana,לָמָּה?,lamah?,"Nahoana, maninona?"
420,Fanontaniana,אֵיךְ?,eykh?,Ahoana?
421,Fanontaniana,מָתַי?,matay?,"Oviana, rahoviana, amin’ny firy?"
422,Fanontaniana,כַּמָּה זְמַן?,kamah zman?,Hafiriana?
423,Fanontaniana,בִּשְׁבִיל מָה?,bishvil mah?,Noho ny amin’inona?
424,Fanontaniana,אֵיךְ אַתָּה מַרְגִּישׁ?,eykh atah margish?,Efa mba manao ahoana ianao izay?
425,Fanontaniana,אֲנִי בְּסֵדֶר.,ani beseder.,Salama | milamina tsara aho.
426,Fanontaniana,קְצָת מְדֻכָּא.,ktsat meduka.,Somary ketraka | kivikivy ihany.
427,Fanontaniana,אֵיךְ עָבַר הַיּוֹם שֶׁלְּךָ?,eykh avar hayom shelkha?,Nanao ahoana ny tontolo andronao?
428,Fanontaniana,הָיָה בְּסֵדֶר.,hayah beseder.,Nilamina ilay izy.
429,Fanontaniana,עָמוּס.,amus.,Nanahirana.
430,Fanontaniana,מָה קָרָה?,mah qarah?,Fa inona no nitranga?
431,Fanontaniana,אֲנִי לֹא מַרְגִּישׁ טוֹב.,ani lo margish tov.,Tsy dia salama tsara aho.
432,Fanontaniana,"שׁוּם דָּבָר, אֲנִי בְּסֵדֶר.","shum davar, ani beseder.","Tsy misy inona inona, fa milamina tsara aho."
433,Fanontaniana,תּוּכַל לַעֲזֹר לִי?,tukhal laazor li?,Afaka ny mba manampy ahy ve ianao?
434,Fanontaniana,כַּמּוּבָן!,kamuvan!,Mazava ho azy!
435,Fanontaniana,בֶּטַח.,betach.,Eny indrindra.
436,Fanontaniana,אֲנִי לֹא יָכוֹל עַכְשָׁו.,ani lo yakhol akhshav.,Tsy afaka aho izao.
437,Fanontaniana,אַתָּה נָשׂוּי?,atah nasui?,Efa manambady ve ianao?
438,Fanontaniana,אֲנִי רַוָּק.,ani ravaq.,Tokantena aho.
439,Fanontaniana,"כֵּן, אֲנִי נָשׂוּי.","ken, ani nasui.","Eny, efa manambady aho"
440,Fanontaniana,אֲנִי גָּרוּשׁ.,ani garush.,Nisara-panambadiana aho.
441,Fanontaniana,אֲנִי מְאֹרָס.,ani meoras.,Efa manana fofombady aho.
442,Fanontaniana,יֵשׁ לְךָ יְלָדִים?,yesh lekha yeladim?,Manan-janaka ve ianao?
443,Fanontaniana,יֵשׁ לִי שְׁנֵי יְלָדִים.,yesh li shney yeladim.,Manan-janaka roa aho.
444,Fanontaniana,מָה אַתָּה אוֹהֵב?,mah atah ohev?,Inona no tianao?
445,Fanontaniana,אֲנִי אוֹהֵב לִקְרֹא סְפָרִים.,ani ohev likro sfarim.,Mamaky boky aho.
446,Fanontaniana,כַּמָּה גָּדוֹל זֶה?,kamah gadol zeh?,Ohatrany ahoana ny halehiben’izany?
447,Fanontaniana,אֵיךְ זֶה הָיָה?,eykh zeh hayah?,Nanao ahoana ilay izy?
448,Fanontaniana,זֶה לֹא הָיָה כָּל כָּךְ קָשֶׁה.,zeh lo hayah kol kakh kasheh.,Tsy dia hoe sarotra loatra ilay izy.
449,Fanontaniana,זֶה הָיָה בְּסֵדֶר.,zeh hayah beseder.,Nilamina tsara ilay izy.
450,Fanontaniana,אֵיךְ הָלַךְ לְךָ?,eykh halakh lekha?,Nanao ahoana ny fandehany?
451,Fanontaniana,הָלַךְ לִי בְּסֵדֶר.,halakh li beseder.,Nandeha tsara.
452,Fanontaniana,לְאָן הָלַכְתָּ?,lean halakhta?,Taiza no nandehananao?
453,Fanontaniana,הִגַּעְנוּ כְּבָר?,higanu kvar?,Tonga sahady ve isika?
454,Fanontaniana,כִּמְעַט שָׁם.,kimat sham.,Kelikely sisa no ao.
455,Fanontaniana,עֲדַיִן לֹא.,adayin lo.,Tsy mbola.
456,Fanontaniana,מָה הַמִּשְׁקָל שֶׁלָּךְ?,mah hamishqal shelkha ?,Firy ny lanjanao?
457,Fanontaniana,מָה הַגֹּבַהּ שֶׁלָּךְ?,mah hagovah shelkha ?,Firy ny halavanao?
458,Fanontaniana,תַּחְבִּיב,tachbiv,"fialam-boly, fialamboly"
459,Fanontaniana,מָה אַתָּה אוֹהֵב לַעֲשׂוֹת בַּזְּמַן הַפָּנוּי שֶׁלָּךְ?,mah atah ohev laasot bizman hapanui shelkha ?,Inona no tianao atao amin’ny fotoana mampahalalaka anao?
460,Fanontaniana,יֵשׁ לְךָ תַּחְבִּיב?,yesh leha tachbiv?,Manana fialam-boly ve ianao?
461,Fanontaniana,כַּמָּה זְמַן יֵשׁ לָךְ אֶת הַתַּחְבִּיב הַזֶּה?,kamah zman yesh lekha et hatachbiv hazeh?,Hafiriana no efa nananao izany fialam-boly izany?
462,Fanontaniana,"כֵּן, הַתַּחְבִּיב שֶׁלִּי הוּא..","ken, hatachbiv sheli hu…","Eny, … no mba fialam-boliko."
463,Fanontaniana,לָדוּג,ladug,manjono
464,Fanontaniana,לְהַאֲזִין לְמוּזִיקָה,lehaazin lemuziqah,mihaino mozika
465,Fanontaniana,לִצְפּוֹת בַּסְּרָטִים,litsfot bisratim,mijery horonantsary
466,Fanontaniana,לְשַׂחֵק מִשְׂחָקִים,leshacheq mishchaqim,milalao kilalao
467,Fanontaniana,לְטַיֵּל,letayel,mitsangatsangana
468,Fanontaniana,לָשִׁיר,lashir,mihira
469,Fanontaniana,לִקְרֹא,liqro,mamaky boky
470,Fanontaniana,לִצְפּוֹת בַּטֵּלֵוִיזְיָה,litsfot bateleviziah,mijery fahitalavitra
471,Fanontaniana,סְפּוֹרְט,sport,fanatanjahan-tena
472,Fanontaniana,לְבַשֵּׁל,levashel,mahandro sakafo
473,Fanontaniana,לְצַיֵּר,letsayer,manao sary
474,Fanontaniana,מָה אַתָּה עוֹשֶׂה בְּסוֹף הַשָּׁבוּעַ הַקָּרוֹב?,mah atah ose besof hashavua haqarov?,Inona no ataonao amin’io herinandro io?
475,Fanontaniana,אֲנִי הוֹלֵךְ לְסֶרֶט עִם חָבֵר.,ani holekh laseret im chaver.,Andeha hijery horonantsary miaraka amin’ny namana aho.
476,Fanontaniana,אֵיזֶה סֶרֶט אַתָּה הוֹלֵךְ לִצְפּוֹת?,eyzeh seret atah holekh litspot?,Horonantsary inona no hojerenao?
477,Toetry ny andro,אֵיךְ מֶזֶג הָאֲוִיר?,eykh mezeg haavir?,Manao ahoana ny toetry ny andro?
478,Toetry ny andro,יוֹרֵד גֶּשֶׁם.,yored geshem.,Avy ny orana.
479,Toetry ny andro,שִׁמְשִׁי.,shimshi.,Mibaliaka be ny masoandro
480,Toetry ny andro,יוֹרֵד שֶׁלֶג.,yored sheleg.,Milatsaka ny oram-panala
481,Toetry ny andro,סוֹעֵר.,soer.,Misy oram-baratra
482,Toetry ny andro,מְעֻרְפָּל.,meurpal.,Misy zavona.
483,Toetry ny andro,מְעֻנָּן.,meunan.,Mandrahona ny andro.
484,Toetry ny andro,זֶה יוֹם יָפֶה.,zeh yom yafeh.,Tsara ity androany ity.
485,Toetry ny andro,סוּפָה מִתְקָרֶבֶת.,sufah mitqarevet.,Avy manatona ny tafiotra.
486,Toetry ny andro,זֶה מֶזֶג אֲוִיר רַע.,zeh mezeg avir ra.,Ratsy izany toetry ny andro izany.
487,Toetry ny andro,נִרְאֶה שֶׁעוֹמֵד לָרֶדֶת גֶּשֶׁם בְּקָרוֹב.,nireh sheomed laredet geshem beqarov.,Hita ho vonona ny ho avy tsy ho ela ny orana.
488,Toetry ny andro,קֹר אֵימִים.,qor eymim.,Hatsiaka mamirifiry.
489,Toetry ny andro,חַם.,cham.,Mafana ny andro.
490,Toetry ny andro,חַמִּים בַּחוּץ.,chamim bachuts.,Mahamay ny  ao ivelany.
491,Toetry ny andro,אֲנִי מְקַוֶּה שֶׁלֹּא יֵרֵד גֶּשֶׁם הָעֶרֶב.,ani mekaveh shelo yered geshem haerev.,Manantena aho fa tsy ho avy ny orana rahariva.
492,Toetry ny andro,מָה הַטֶּמְפֵּרָטוּרָה?,mah hatemperaturah.,Manao ahoana ny maripana ?
493,Toetry ny andro,יֵשׁ .. מַעֲלוֹת עַכְשָׁו.,yesh … maalot akhshav.,Misy ... degiré amin’izao.
494,Toetry ny andro,אָבִיב,aviv,lohataona
495,Toetry ny andro,קַיִץ,kayits,fahavaratra
496,Toetry ny andro,סְתָו,stav,fararano
497,Toetry ny andro,חֹרֶף,choref,ririnina
498,Toetry ny andro,אֲנִי אוֹהֵב אֶת יְמֵי הַקַּיִץ,ani ohev et yemey hakayits,Tia ny volon’andro fahavaratra aho.
499,Toetry ny andro,רוֹצֶה שֶׁהַחֹרֶף יַגִּיעַ כְּבָר.,rotseh shehachoref yagia kvar.,Iriako raha mba tonga sahady ny ririnina.
500,Toetry ny andro,הָאָבִיב הוּא הָעוֹנָה הַמֻּעֲדֶפֶת עָלַי.,haaviv hu haonah hamuadefet alay.,"Ny lohataona no fizaram-potoana, vanim-potoana tena ankafiziko."
501,Biby,חַיּוֹת מַחְמָד,chayot machmad,Biby mahafatifaty
502,Biby,כֶּלֶב,kelev,alika
503,Biby,חָתוּל,chatul,saka
504,Biby,אַרְנָב,arnav,rabitro
505,Biby,כִּבְשָׂה,kivsah,ondry
506,Biby,חֲזִיר,chazir,kisoa
507,Biby,עֵז,ez,osivavy
508,Biby,סוּס,sus,soavaly
509,Biby,פָּרָה,parah,ombivavy
510,Biby,תַּרְנְגֹלֶת,tarnegolet,ankohoavvy
511,Biby,בַּרְוָז,barvaz,gana
512,Biby,תַּרְנְגוֹל הוֹדוּ,tarnegol hodu,vorontsiloza
513,Biby,חַיּוֹת בַּר,chayot bar,"Biby mpirenireny, haolo, dia"
514,Biby,שׁוּעָל,shual,amboahaolo
515,Biby,אַרְיֵה,aryeh,liona
516,Biby,נָמֵר,namer,tigra
517,Biby,קַרְנַף,qarnaf,tokantandroka
518,Biby,הִיפּוֹפּוֹטָם,hipopotam,lalomena
519,Biby,פִּיל,pil,elefanta
520,Biby,"""גִ'ירָפָה""",girafah,jirafy
521,Biby,זֶבְּרָה,zebrah,zebra
522,Biby,גּוֹרִילָה,gorilah,rajako
523,Biby,אֱיָל,eyal,serfa
524,Biby,תַּנִּין,tanin,mamba
525,Biby,קוֹבְּרָה,qobra,kobra
526,Biby,נֵץ,nets,voromahery
527,Biby,יַנְשׁוּף,yanshuf,vorondolo
528,Biby,פִּינְגְּוִין,pingvin,"vorondrano, penguin"
529,Biby,חֲרָקִים,charakim,bibikely manidina
530,Biby,עַכָּבִישׁ,akavish,hala
531,Biby,פַּרְפַּר,parpar,"lolo, tsipelapelaka"
532,Biby,זְבוּב,zvuv,lalitra
533,Biby,יַתּוּשׁ,yetush,moka
534,Biby,צִפּוֹרִים,tsiporim,voronkely
535,Biby,זוֹחֲלִים,zochalim,biby mikisaka amin’ny tany
536,Biby,דָּגִים,dagim,"trondro, hazandrano"
537,Biby,טְרוּטָה,trotah,atendro
538,Biby,טוֹנָה,tunah,tunah
539,Biby,קַרְפִּיּוֹן,qarpion,"besisika, karpa"
540,Biby,כָּרִישׁ,karish,antsantsa
541,Biby,לִוְיָתָן,livyatan,trozona
542,Biby,דּוֹלְפִין,dolfin,feso
543,Biby,תְּמָנוּן,tamnun,"orita, horita"
544,Biby,מֵדוּזָה,meduzah,medioza
545,Biby,סַרְטָן,sartan,langosta
546,Biby,צְפַרְדֵּעַ,tsfardea,sahona
547,Fiantsenana,אוּכַל לַעֲזֹר לְךָ?,ukhal laazor lekha?,Afaka ny mba manampy anao ve aho?
548,Fiantsenana,אֲנִי מְחַפֵּשׂ...,ani mechapes...,Mitady...aho io.
549,Fiantsenana,כּוֹבַע,kova,satroka
550,Fiantsenana,חֻלְצָה,chultsah,blouse
551,Fiantsenana,חֻלְצָה,chultsah,lobaka
552,Fiantsenana,סְוֵדֶר,sveder,akanjo bà
553,Fiantsenana,מִכְנָסַיִם,mikhnasayim,pataloha
554,Fiantsenana,חֲצָאִית,chatsait,zipo
555,Fiantsenana,שִׂמְלָה,simlah,fitafiana lava
556,Fiantsenana,גַּרְבַּיִם,garbayim,bà kiraro
557,Fiantsenana,נַעֲלַיִם,naalayim,"kiraro, kapa"
558,Fiantsenana,מִשְׁקְפֵי שֶׁמֶשׁ,mishqafey shemesh,solomaso aro masoandro
559,Fiantsenana,מִשְׁקְפֵי רְאִיָּה,mishqafey reiyah,solomaso fijerena
560,Fiantsenana,חֲגוֹרָה,chagorah,"hetra, fehikibo"
561,Fiantsenana,שָׁעוֹן,shaon,famantaran’ora
562,Fiantsenana,שַׁרְשֶׁרֶת,sharsheret,rojo
563,Fiantsenana,טַבַּעַת,tabaat,peratra
564,Fiantsenana,צָמִיד,tsamid,"Fehin-tanana, haba"
565,Fiantsenana,עֲגִילִים,agilim,"kavina, kavin-tsofina"
566,Fiantsenana,אוּכַל לִמְדֹּד אֶת זֶה?,ukhal limdod et zeh?,Afaka hoharako ve ilay izy?
567,Fiantsenana,אֵיפֹה הַמֶּלְתָּחָה?,eyfoh hamiltachah?,Aiza kay ny efitra fisoloana akanjo?
568,Fiantsenana,אֵיזֶה מִדָּה אַתָּה?,eyzeh mida atah?,Inona no habe mety aminao?
569,Fiantsenana,אֲנִי מִדָּה...,ani midah...,…no habe mety amiko. 
570,Fiantsenana,אֲנִי אֶרְצֶה לְנַסּוֹת וְלִמְדֹּד אֶת זֶה.,ani ertseh lenasot velimdod et zeh.,Iriako andramana ny hoharana ity.
571,Fiantsenana,יֵשׁ לְךָ מִדָּה אַחֶרֶת?,yesh lekha midah acheret?,Misy amin’ny habe hafa ve ato aminao?
572,Fiantsenana,יֵשׁ לְךָ צֶבַע אַחֵר?,yesh lekha tseva acher?,Misy amin’ny loko hafa ve ato aminao?
573,Fiantsenana,אֲנִי אֶקַּח אֶת זֶה.,ani eqach et zeh.,Aleo fa entiko ity iray ity.
574,Fiantsenana,כַּמָּה זֶה עוֹלֶה?,kamah ze oleh?,Ohatrinona kay ny vidin’ilay izy?
575,Fiantsenana,הַאִם אַתָּה מְקַבֵּל כַּרְטִיסֵי אַשְׁרַאי?,haim atah meqabel kartisey ashrai?,Mandray fandoavam-bola amin’ny alalan’ny kara-bola ve ianao?
576,Fiantsenana,בַּחֲנוּת לְמַכְשִׁירֵי חַשְׁמַל:,bachanut lemakhshirey chashmal,Ao amin’ny fiavarotana kojakoja mandeha herin’aratra
577,Fiantsenana,מְקָרֵר,meqarer,vata fampangatsiahana
578,Fiantsenana,מְכוֹנַת כְּבִיסָה,mechonat kvisah,milina fanasan-damba
579,Fiantsenana,מַזְגָן,mazgan,mpandrindra maripanan’ny efitra
580,Fiantsenana,שׁוֹאֵב אָבָק,shoev avaq,"fitroham-bovoka, aspiratera"
581,Fiantsenana,מַגְהֵץ,maghets,vy fipasohana
582,Fiantsenana,מִיקְרוֹגַל,miqrogal,fatana mikraondy
583,Fiantsenana,טוֹסְטֵר,toster,toastera
584,Fiantsenana,מֵדִיחַ כֵּלִים,mediach kelim,milina fanadiovam-pitaovanana nihinanana
585,Fiantsenana,טֵלֵוִיזְיָה,televiziyah,vata fahitalavitra
586,Fiantsenana,מַחְשֵׁב,machshev,solosaina
587,Fiantsenana,רַדְיוֹ,radio,"vata fampielezam-peo, radio"
588,Fiantsenana,בַּחֲנוּת לְחָמְרֵי בִּנְיָן:,bachanut lechomrey binyan,fivarotana fitaovana ho an’ny tao-trano
589,Fiantsenana,פַּטִּישׁ,patish,"finopoka, maritoa"
590,Fiantsenana,מַסּוֹר,masor,tsofa
591,Fiantsenana,מַבְרֵג,mavreg,tornevisy
592,Fiantsenana,מַפְתֵּחַ בְּרָגִים,mafteah bragim,famahana tornevisy
593,Fiantsenana,מַקְדֵּחָה,maqdechaf,fandavahana
594,Fiantsenana,מַסּוֹר חַשְׁמַלִּי,masor chashmali,tsofa mandeha herin’aratra
595,Fiantsenana,פַּטִּישׁוֹן,patishon,persezy
596,Fiantsenana,בְּרָגִים,bragim,visy
597,Fiantsenana,מַסְמְרִים,masmerim,fantsika
598,Fiantsenana,צְבָתוֹת,tsvatot,painsa
599,Fiantsenana,סֶרֶט מְדִידָה,seret medidah,metatra fandrefesana
600,Fiantsenana,פֶּלֶס מַיִם,peles mayim,nivela marin-drano
601,Loko,מָה הַצֶּבַע הַמָּעֳדָף עָלֶיךָ?,mah hatseva hamoodaf aleykha?,Inona no loko ankafizinao?
602,Loko,שָׁחֹר,shachor,mainty
603,Loko,לָבָן,lavan,fotsy
604,Loko,אָדֹם,adom,mena
605,Loko,כָּחֹל,kachol,manga
606,Loko,צָהֹב,tsahov,mavo
607,Loko,יָרֹק,yaroq,maitso
608,Loko,כָּתֹם,katom,laoranjy
609,Loko,וָרֹד,varod,vonin-draozy
610,Loko,חֹם,chum,volon-tsokolà
611,Loko,סָגֹל,sagol,voloparasy
612,Loko,אָפֹר,afor,volon-davenona
613,Loko,טוּרְקִיז,turqiz,cyan
614,Loko,כָּחֹל כֵּהֶה,kachol keheh,manga matroka
615,Loko,אַרְגָּמָן,argeman,jaky
616,Loko,יָרֹק־כָּחֹל,yaroq-kachol,"maintso manga, sarsely"
617,Loko,צִבְעֵי הַקֶּשֶׁת,tsivey hakeshet,lokon’avana
618,Loko,אֲנִי עִוֵּר צְבָעִים,ani iver tsvaim,Tsy afa-manavaka loko maro aho
619,Fihetsehampo,אֲנִי בֶּאֱמֶת אוֹהֵב...,ani beemet ohev…,Tia…tokoa aho.
620,Fihetsehampo,זֶה מַרְגִּיז אוֹתִי.,zeh margiz oti.,Mahasosotra ahy izany.
621,Fihetsehampo,אֲנִי אוֹהֵב אוֹתְךָ.,ani ohev otakh.,Tiako ianao.
622,Fihetsehampo,שָׂנֵאתִי אֶת זֶה.,saniti et zeh.,Halako izany.
623,Fihetsehampo,אֲנִי עָצוּב.,ani atsuv.,Malahelo aho
624,Fihetsehampo,אֲנִי לֹא מְרֻצֶּה.,ani lo merutseh.,"Tsy nankasitrahana aho, afa-po aho."
625,Fihetsehampo,אֲנִי כּוֹעֵס.,ani koes.,Sosotra aho.
626,Fihetsehampo,שָׁכַחְתִּי.,shakhachti.,Hadiniko.
627,Fihetsehampo,אֲנִי שָׂמֵחַ.,ani sameach.,Faly aho
628,Fihetsehampo,לֹא אִכְפַּת לִי.,lo ekhpat li.,Tsy mampaninona ahy.
629,Fihetsehampo,אֲנִי מְפַחֵד.,ani mefached.,Matahotra aho sao.
630,Fihetsehampo,אֲנִי חָרֵד.,ani chared.,Mitebiteny aho.
631,Fihetsehampo,אֲנִי לָחוּץ.,ani lachuts.,Mitaintaina aho.
632,Fihetsehampo,אֲנִי מְתֻסְכָּל.,ani metuskal.,Sorena amin’ny zava-misy aho.
633,Fihetsehampo,אֲנִי מְקַנֵּא.,ani mekane.,Saro-piaro aho.
634,Fihetsehampo,אֲנִי מְאֻכְזָב.,ani meukhzav.,Diso fanantenana aho.
635,Fihetsehampo,אֲנִי בְּמַצַּב רוּחַ רַע.,ani bematsav ruach ra.,Anaty lonilony aho io.
636,Fihetsehampo,זֶה מְשַׁעֲמֵם.,zeh meshaamem.,Mankaleo izany.
637,Fihetsehampo,אֲנִי כָּל כָּךְ טִפֵּשׁ.,ani kol kah tipesh.,Tsy dia hoe adala aho akory.
638,Fihetsehampo,אֲנִי עָיֵף.,ani ayef.,Vizana aho.
639,Fihetsehampo,אֲנִי זוֹכֵר.,ani zokher.,Mahatadidy aho.
640,Fihetsehampo,זֶה יְפֵהפֶה.,zeh yefafeh.,Manja izy izany.
641,Fihetsehampo,אֲנִי מֻפְתָּע.,ani mufta.,Tsy mba nanampo aho.
642,Fihetsehampo,מַדְהִים.,madhim.,mahavariana
643,Fihetsehampo,מְעֻלֶּה.,meuleh.,mahatalanjona
644,Fihetsehampo,נֶהֱדָר.,nehedar.,"mahagaga, kanto"
645,Fihetsehampo,זֶה מַפְרִיעַ לִי.,zeh mafria li.,Manelingelina ahy izany.
646,Fihetsehampo,רוֹמַנְטִיקָה.,romantiqah.,romantika
647,Fihetsehampo,"""הַי, קוֹרְאִים לִי ג'וֹ. אֲנִי יָכוֹל לְהַזְמִין אוֹתְךָ לְמַשְׁקֶה?","hai, korim li jo. ani yakhol  lehazmin otakh lemashkeh?","Dia ahoana, Jo no fiantsoana ahy. Afaka ny hanafarako zava-pisotro ve ianao?"
648,Fihetsehampo,יֵשׁ מֶזֶג אֲוִיר נֶחְמָד בַּחוּץ.,yesh mezeg avir nechmad bachuts.,Mahate ho tia ny toetry ny andro ao ivelany.
649,Fihetsehampo,מָה שְׁלוֹמְךָ הַיּוֹם?,mah shlomkha hayom?,Manao ahoana ny fahasalamanao androany?
650,Fihetsehampo,אַתְּ נִרְאֵית נֶהֱדָר הַיּוֹם.,at niret nehedar hayom.,Hita ho kanto ianao izany androany an.
651,Fihetsehampo,אַתְּ יְפֵהפִיָּה.,at yefeifiyah.,Manja ianao izany an.
652,Fihetsehampo,יֵשׁ לָךְ חִיּוּךְ יָפֶה.,yesh lakh chiyukh yafeh.,Tsara tsiky ianao izany.
653,Fihetsehampo,הַשִּׂמְלָה הַזֹּאת נִרְאֵית טוֹב עָלַיִךְ.,hasimlah hazot niret tov alayikh.,Mety aminao tsara ilay fitafiana lava.
654,Fihetsehampo,אֵיזֶה סוּג שֶׁל סְרָטִים אַתְּ אוֹהֶבֶת?,eyzeh sug shel sratim at ohevet?,Horonantsary inona no tianao?
655,Fihetsehampo,הַאִם יֵשׁ לָךְ תָּכְנִיּוֹת לְהָעֶרֶב?,haim yesh lakh tokhniyot lehaerev?,Manana fandaharam-potoana ve ianao ny anio hariva?
656,Fihetsehampo,תִּרְצִי לָצֵאת אִתִּי לְדֵיְט?,tirtsi latset iti ladeit?,Sitrakao ve raha hivoaka hampiaraka amiko ianao?
657,Fihetsehampo,אַתְּ רוֹצָה שֶׁאֶהְיֶה הֶחָבֵר שֶׁלָּךְ?,"at rotsah sheehyeh hachaver/hachaverah shelkha, shelakh?",Sitraky ndry ve raha izaho no sipan-dry?
658,Fihetsehampo,אֲנִי יָכוֹל לְנַשֵּׁק אוֹתְךָ?,ani yakhol  lenasheq otakh?,Afaka ny mba manoroka an-dry ve aho?
659,Fihetsehampo,נַשְׁקִי אוֹתִי.,nashqi oti.,Orohy aho.
660,Fihetsehampo,יֵשׁ לִי חָבֵר.,yesh li chaver.,Efa manana sipa lehilahy aho.
661,Fihetsehampo,אַתָּה מַקְסִים!,atah maqsim!,Mahafinaritra koa ianao izany!
662,Fihetsehampo,זֶה הָיָה עֶרֶב נֶהְדָּר.,zeh hayah erev nehedar.,Hariva kanto iny.
663,Fihetsehampo,מָתַי נִפָּגֵשׁ שׁוּב פַּעַם?,matay nifgash shuv pam?,Rahoviana indray isika no hihaona?
664,Tsy dia salama,אֵיפֹה בֵּית הַחוֹלִים?,eyfoh beyt hacholim?,Aiza kay ny tobim-pahasalamana?
665,Tsy dia salama,"אֲנִי צָרִיךְ לִרְאוֹת רוֹפֵא, בְּבַקָּשָׁה.","ani tsarikh lirot rofe, bevaqashah.","Mila mijery mpitsabo aho, azafady."
666,Tsy dia salama,אִשְׁתִּי לֹא מַרְגִּישָׁה טוֹב.,ishti lo margishah tov.,Tsy dia salama mantsy ny vadiko.
667,Tsy dia salama,יֵשׁ לִי בִּטּוּחַ בְּרִיאוּת.,yesh li bituach briyut.,Manana fiantohana ara-pahasalamana aho
668,Tsy dia salama,הָרוֹפֵא יָכוֹל לִרְאוֹת אוֹתְךָ עַכְשָׁו.,harofe yakhol  lirot otkha akhshav.,Afaka mijery anao ny mpitsabo izao.
669,Tsy dia salama,מָה הַבְּעָיָה?,mah habeayah?,Fa inona no olana?
670,Tsy dia salama,יֵשׁ לִי בְּחִילָה.,yesh li bechilah.,Maloiloy aho.
671,Tsy dia salama,כּוֹאֵב כָּאן.,koev kan.,Eto no maharary ahy.
672,Tsy dia salama,יֵשׁ לִי כְּאֵב רֹאשׁ.,yesh li keev rosh.,Marary an-doha aho.
673,Tsy dia salama,יֵשׁ לִי בְּעָיַת עִכּוּל.,yesh li beayat ikhul.,Manana olana amin’ny fandevonan-kanina aho.
674,Tsy dia salama,אֲנִי לֹא מַצְלִיחַ לִישֹׁן.,ani lo matsliach lishon.,Tsy mety mahita torimaso aho.
675,Tsy dia salama,הִצְטַנַּנְתִּי.,hitstananti.,Mahatsiaro mangatsiaka aho.
676,Tsy dia salama,אֲנִי מַרְגִּישׁ לֹא טוֹב.,ani margish lo tov.,Mahatsapa ho tsy dia salama aho.
677,Tsy dia salama,נָפַלְתִּי.,nafalti.,Nianjera aho.
678,Tsy dia salama,אֲנִי אָלֶרְגִּי ל..,ani alergi le…,Tsy mahazaka mihinana...aho.
679,Tsy dia salama,אַבְקָה,avaqah,Vovobony
680,Tsy dia salama,מוּצְרֵי חָלָב,motsrey chalav,Voka-dronono
681,Tsy dia salama,בָּטְנִים,botnim,Voanjo
682,Tsy dia salama,רַכִּיכוֹת,rekhikhut,Kinin-dranomasina
683,Tsy dia salama,חִטָּה,chitah,Varimbazaha
684,Tsy dia salama,אֵין לִי אָלֶרְגִּיּוֹת.,eyn li alergiot.,Tsy manana olana amin’ny tsy fahazakan-javatra aho. 
685,Tsy dia salama,אֵיךְ אַתָּה מַרְגִּישׁ?,eykh atah margish?,Efa mba manao ahoana ianao izay?
686,Tsy dia salama,לֹא כָּל כָּךְ טוֹב.,lo kol kakh tov.,Tsy dia mbola tsara loatra.
687,Tsy dia salama,כַּמָּה זְמַן אַתָּה מַרְגִּישׁ חוֹלֶה?,kamah zman atah margish choleh?,Hafiriana no efa nahatsapa ho tsy dia salama ianao?
688,Tsy dia salama,זֶה שׁוּם דָּבָר רְצִינִי.,zeh shum davar retsini.,Tsy dia zavatra matotra izany.
689,Tsy dia salama,אֲנִי צָרִיךְ לִרְאוֹת רוֹפֵא שִׁנַּיִם.,ani tsarikh lirot rofe shinayim.,Mila mijery mpitsabo nify aho.
690,Tsy dia salama,אֲנִי רוֹצֶה לִקְבֹּעַ פְּגִישָׁה.,ani rotseh liqboa pgishah.,Maniry ny handraikitra fotoana hihaonana aho.
691,Tsy dia salama,הַחֲנִיכַיִם שֶׁלִּי כּוֹאֲבוֹת.,hachanikhayim sheli koavot.,Maharary ny hihiko.
692,Tsy dia salama,אֲנִי חוֹשֵׁב שֶׁיֵּשׁ לִי חֹר בַּשֵּׁן.,ani choshev sheyesh li chor bashen.,Mihevitra aho fa mety ho misy goaka ny nifiko.
693,Tsy dia salama,יֵשׁ לִי כְּאֵב שִׁנַּיִם נוֹרָאִי!,yesh li keev shinayim norai!,Tena mijaly amin’ny areti-nify aho!
694,Tsy dia salama,הַחְלָמָה מְהִירָה!,hachlamah mehirah!,Mirary fahasalamana faingana !
695,Rantsam-batana,גּוּף,guf,Vatana
696,Rantsam-batana,יָדַיִם,yadayim,Tanana
697,Rantsam-batana,רַגְלַיִם,raglayim,"Tongotra, ranjo"
698,Rantsam-batana,אֶצְבָּעוֹת,etsbaot,Rantsan-tanana
699,Rantsam-batana,מִפְרַק כַּף הַיָּד,mafreq kaf hayad,Haton-tanana
700,Rantsam-batana,זְרוֹעַ,zroa,Sandry
701,Rantsam-batana,חָזֶה,chazeh,Tratra
702,Rantsam-batana,גַּב,gav,"Ivoho, lamosina"
703,Rantsam-batana,קַרְסֹל,qarsol,Kitrokely
704,Rantsam-batana,בֶּרֶךְ,berekh,Lohalika
705,Rantsam-batana,רֹאשׁ,rosh,Loha
706,Rantsam-batana,צַוָּאר,tsavar,Vozona
707,Rantsam-batana,עַיִן,ayin,Maso
708,Rantsam-batana,אַף,af,Orona
709,Rantsam-batana,שְׂפָתַיִם,sfatayim,Molotra
710,Rantsam-batana,פֹּה,peh,Vava
711,Rantsam-batana,שֵׁן,shen,Nify
712,Rantsam-batana,עוֹר,or,Hoditra
713,Rantsam-batana,לֵב,lev,Fo
714,Rantsam-batana,מֹחַ,moach,Atidoha
715,Rantsam-batana,כָּבֵד,kaved,Aty
716,Rantsam-batana,רֵאָה,reyiah,Havokavoka
717,Rantsam-batana,כְּלָיָה,kleya,Voa
718,Rantsam-batana,קֵבָה,keyvah,Vavony
719,Rantsam-batana,קְרֵבִים,qravim,Tsinay
720,Rantsam-batana,וְרִידִים,vridim,Lalandrà
721,Rantsam-batana,תּוֹסֶפְתָּן,tosfetan,Lavabody
722,Rantsam-batana,עַמּוּד שִׁדְרָה,amud shidrah,Hazondamosina
723,Rantsam-batana,עֶצֶם,etsem,Taolana
724,Rantsam-batana,שֵׂעָר,sear,Volo
725,Rantsam-batana,צִפֹּרֶן,tsiporen,Hoho
726,Tsena,מָה תִּרְצֶה לִקְנוֹת?,mah tirtseh liqnot?,Inona no irianao hovidiana?
727,Tsena,אֲנִי רוֹצֶה.. בְּבַקָּשָׁה.,ani rotseh… bevaqashah.,Mba anaovana...aho azafady.
728,Tsena,עַגְבָנִיּוֹת,agvaniot,Voatabia
729,Tsena,בְּרוֹקוֹלִי,broqoli,Brokoly
730,Tsena,מְלָפְפוֹנִים,melafefonim,Kaokaombra
731,Tsena,כְּרוּב,kruv,Laisoa
732,Tsena,בְּצָלִים,btsalim,Tongolo 
733,Tsena,שׁוּם,shum,Tongolo gasy
734,Tsena,תַּפּוּחֵי אֲדָמָה,tapuchey adamah,Ovy
735,Tsena,גְּזָרִים,gzarim,Karaoty
736,Tsena,פִּטְרִיּוֹת,pitriot,Holatra
737,Tsena,חֲצִילִים,chatsilim,Baranjely
738,Tsena,אֲפוּנָה,afunah,Pitipoà
739,Tsena,מַשֶּׁהוּ נוֹסָף?,mashehu nosaf?,Zavatra atao fanampiny ?
740,Tsena,כַּמָּה פֵּרוֹת.,kamah perot.,Voankazo vitsivitsy.
741,Tsena,תַּפּוּחִים.,tapuchim.,Paoma
742,Tsena,אַגָּסִים.,agasim.,Poara
743,Tsena,מְשַׁמְּשִׁים.,mishmeshim.,Apriko
744,Tsena,אֲפַרְסְקִים.,afarseqim.,Paiso
745,Tsena,דֻּבְדְּבָנִים.,duvdevanim.,Serizy
746,Tsena,תּוּתִים.,tutim.,Frezy
747,Tsena,לִימוֹנִים.,limonim.,Voasary makirana
748,Tsena,תַּפּוּזִים.,tapuzim.,Voasary
749,Tsena,שְׁזִיפִים.,shezifim.,Paisom-bazaha
750,Tsena,זֶה יִהְיֶה הַכֹּל.,zeh yihyeh hakol.,Izay daholo.
751,Tsena,בָּשָׂר.,basar.,Hena
752,Tsena,שֶׁמֶן בִּשּׁוּל,shemen bishul,Menaka fahandro sakafo
753,Tsena,דָּג,dag,"Trondro, hazandrano"
754,Tsena,קֶמַח,kemach,"Koba tsara toto, lafarinina"
755,Tsena,לֶחֶם,lechem,Mofo
756,Tsena,חֶמְאָה,chemah,Dibera
757,Tsena,חָלָב,chalav,Ronono
758,Tsena,תַּבְלִינִים,tavlinim,Hanitra fanao amin’ny sakafo
759,Tsena,חֹמֶץ,chomets,Vinaigitra
760,Tsena,סֻכָּר,sukar,Siramamy
761,Tsena,קִנָּמוֹן,qinemon,"Havozomanitra, kanelina"
762,Tsena,חַרְדָּל,chardal,Tsinapy
763,Tsena,מֶלַח,melach,Sira
764,Tsena,פִּלְפֵּל,pilpel,"Sakay, dipoavatra"
765,Tsena,בָּזִילִיקוּם,baziliqum,Bazilika
766,Tsena,כֻּסְבָּרָהּ,kusbarah,Koriandrà
767,Tsena,אֻרְגְּנוּ,oregano,Oregano
768,Tsena,אֵיפֹה הַסּוּפֶּרְמַרְקֶט הֲכִי קָרוֹב?,eyfoh hasupermarqet hakhi qarov?,Aiza kay ny tsena akaiky indrindra?
769,Tsena,אֵיךְ אֲנִי יָכוֹל לְהַגִּיעַ לַמַּכֹּלֶת הַמְּקוֹמִית?,eykh ani yakhol  lehagia lamakolet hamekomit?,Ahoana kay no hahatongavana any amin’ny fivarotana enta-madinika eto an-toerana?
770,Sekoly,לְאֵיזֶה בֵּית סֵפֶר אַתָּה הוֹלֵךְ?,leeyzeh beyt sefer atah holekh?,Aiza no sekoly andehananao mianatra?
771,Sekoly,אֲנִי הוֹלֵךְ לְבֵית סֵפֶר ..,ani holekh lebeyt sefer...,Mandeha mianatra any amin’ny sekoly…aho.
772,Sekoly,גַּן יְלָדִים,gan yeladim,Zardainan’ankizy
773,Sekoly,בֵּית סֵפֶר יְסוֹדִי,beyt sefer yesodi,Sekoly Ambaratonga Fototra
774,Sekoly,בֵּית סֵפֶר תִּיכוֹן,beyt sefer tikhon,"Marojery, lisea"
775,Sekoly,אוּנִיבֶרְסִיטָה,universitah,"Anjerimanontolo, oniversité"
776,Sekoly,הַאִם אַתָּה לוֹמֵד אָמָּנוּת בַּתִּיכוֹן?,haim atah lomed omanut batikhon?,Mianatra zava-kanato ve ianao any an-tsekoly?
777,Sekoly,הַאִם אַתָּה נֶהֱנֶה לִלְמֹד אַנְגְּלִית?,haim atah neheneh lilmod anglit?,Ankafizinao ve ny mianatra fiteny anglisy?
778,Sekoly,מָתֵמָטִיקָה?,matematiqah?,Matematika?
779,Sekoly,מַדָּעִים?,madaim?,"Hairaha, siansa?"
780,Sekoly,אָמָּנוּת?,omanut?,Zava-kanto?
781,Sekoly,בִּיּוֹלוֹגְיָה?,biologiyah?,"Haiaina, biolojia?"
782,Sekoly,כִּימְיָה?,khimiyah?,Simia?
783,Sekoly,גֵּאוֹגְרַפְיָה?,geografiyah?,Jeografia?
784,Sekoly,הִיסְטוֹרְיָה?,historiyah?,Tantara?
785,Sekoly,מַדְּעֵי הַמַּחְשֵׁב?,madaey hamachshev?,Haisolosaina?
786,Sekoly,אֵיךְ אַתָּה מַגִּיעַ לְבֵית סֵפֶר?,eykh atah magia leveyt hasefer?,Ahoana no andehananao any an-tsekoly?
787,Sekoly,אֲנִי מַגִּיעַ בְּרַכֶּבֶת/אוֹטוֹבּוּס/אוֹפַנַּיִם.,ani magia barakavet/otobus/ofanayim.,Mandeha fiaradalamby/fiara fitateram-bahoaka/tongomalaky aho.
788,Sekoly,אֲנִי הוֹלֵךְ לְבֵית סֵפֶר בָּרֶגֶל.,ani holekh leveit hasefer baregel.,Mandeha an-tongotra aho ny mankany an-tsekoly.
789,Sekoly,מָה אַתָּה רוֹצֶה לְאַחַר שֶׁתְּסַיֵּם אֶת הַלִּמּוּדִים?,mah atah rotseh leachar shetesaiyem et halimudim?,Inon no irianao ho atao aorian’ny fahavitanao ny fianarana?
790,Sekoly,בְּאֵיזֶה נוֹשְׂאִים אַתָּה טוֹב?,beeyzeh nosim atah tov?,Inona no taranja manavanana anao?
791,Sekoly,בְּאֵיזֶה נוֹשְׂאִים אַתָּה חַלָּשׁ?,beeyzeh nosim atah chalash?,Inona no taranja manavia anao?
792,Sekoly,בְּאֵיזֶה שָׁעָה הַצִּלְצוּל מְצַלְצֵל?,beeyzeh shaah hatsiltsul metsaltsel?,Amin’ny firy no maneno ny lakolosy?
793,Sekoly,הַצִּלְצוּל מְצַלְצֵל בְּשָׁעָה 9:30 בַּבֹּקֶר.,hatsiltsul metsaltsel beshaah 9:30 baboker.,Amin’ny 9:30 no maneno ny lakolosy.
794,Fanatanjahantena,מָה הַסְּפּוֹרְט הַמָּעֳדָף עָלֶיךָ?,ma hasport hamuadaf aleykha?,Inona no fanatanjahantena ankafizinao kokoa?
795,Fanatanjahantena,מֶה הָיְתָה הַתּוֹצָאָה?,mah hayetah hatotsaah?,Firy ny valin-daolao tao?
796,Fanatanjahantena,מִי נִצְּחָה אֶתְמוֹל בַּלַּיְלָה?,mi nitschah etmol balaylah?,Iza no nandresy omaly alina?
797,Fanatanjahantena,אֲנִי אוֹהֵד גָּדוֹל שֶׁל..,ani ohed gadol shel...,Izaho no mpankafy malaza an’ny…
798,Fanatanjahantena,הַאִם אַתָּה אוֹהֵב לְשַׂחֵק בְּאַחַד מֵהַמִּשְׂחָקִים?,haim atah ohev leshacheq beachad mehamishchaqim?,Tianao ve ny hilalao ny iray amin'ireo lalao?
799,Fanatanjahantena,אֲנִי אוֹהֵב לִצְפּוֹת ..,ani ohev litsfot…,Tia mijery...aho.
800,Fanatanjahantena,כַּדּוּרֶגֶל,kaduregel,Baolina kitra
801,Fanatanjahantena,כַּדּוּרְסַל,kadursal,Baolina basikety
802,Fanatanjahantena,טֵנִיס,tenis,Tenisy
803,Fanatanjahantena,גּוֹלְף,golf,Golf
804,Fanatanjahantena,פוּטְבּוֹל אָמֵרִיקָנִי,football ameriqani,Baolina kitra amerikanina
805,Fanatanjahantena,רוֹגְבִּי,rogbi,Rugby
806,Fanatanjahantena,כַּדּוּר בָּסִיס,kadur basis,Baseball
807,Fanatanjahantena,כַּדּוּרְעָף,kaduraf,Volleyball
808,Fanatanjahantena,כַּדּוּרְיָד,kaduryad,Handball
809,Fanatanjahantena,הַמִּשְׂחָקִים הָאוֹלִימְפִּיִּים.,hamishchaqim haolimpim,Lalao Olimpika.
810,Fanatanjahantena,גְּבִיעַ הָעוֹלָם.,gvia haolam,FIFA Amboara Erantany.
811,Fanatanjahantena,טוּר דֶּה פְרַאנְס.,tour de France,Tour de France.
812,Fanatanjahantena,פוֹרְמוּלָה אַחַת.,formulah achat,Formula one.
813,Olan'ny fiara,הַאִם אַתָּה נוֹהֵג בָּרֶכֶב?,haim atah noheg berekhev?,Afaka ny mitondra fiara ve ianao?
814,Olan'ny fiara,קִבַּלְתִּי אֶת רִשְׁיוֹן הַנְּהִיגָה שֶׁלִּי הַשָּׁנָה.,kibalti et rishayon hanehigah sheli hashanah.,Nahazo ny fahazoan-dalako mitondra fiara tamin’ity taona ity aho.
815,Olan'ny fiara,הַאִם אַתָּה יָכוֹל לִנְהֹג עַל רֶכֶב יְדָנִי?,haim atah yakhol linhog al rekhev yadani?,Afaka ny mitondra fiara hetsehin-tanana ve ianao?
816,Olan'ny fiara,אֲנִי יָכוֹל לִנְהֹג רַק עַל רֶכֶב אוֹטוֹמָטִי.,ani yakhol linhog al rekhev otomati.,Fiara aotomatika ihany no afaka entiko.
817,Olan'ny fiara,הַאִם אַתָּה נָהַג טוֹב?,haim atah nahag tov?,Mpamily fiara efa za-draharaha ve ianao?
818,Olan'ny fiara,אֲנִי נָהַג מְצֻיָּן.,ani nahag metsuyan.,Mpamily fiara mahafatra-po aho.
819,Olan'ny fiara,מָה הַמְּהִירוּת הַמֻּתֶּרֶת בַּמְּדִינָה שֶׁלְּךָ?,mah hamehirut hamuteret bamedinah shelkha?,Firy no hafainganam-pandeha azo ekena aty amin’ny firenenao aty?
820,Olan'ny fiara,הֵיכָן אֲנִי יָכוֹל לְהַשְׂכִּיר רֶכֶב?,heykhan ani yakhol lehaskir rekhev?,Aiza kay no ahafahako manofa fiara?
821,Olan'ny fiara,מָה סוּג הַדֶּלֶק שֶׁהוּא צֹרֶךְ?,mah sug hadeleq shehu tsorekh?,Solika karazany inona no ilainy?
822,Olan'ny fiara,הַאִם יֵשׁ בְּבַעֲלוּתְךָ רֶכֶב?,haim yesh bevaalutkha rekhev?,Manana fiara anao mihitsy ve ianao?
823,Olan'ny fiara,קָנִיתִי רֶכֶב חָדָשׁ.,qaniti rekhev chadash.,Nividy fiara vaovao aho.
824,Olan'ny fiara,אֲנִי רוֹצֶה לִקְנוֹת מְכוֹנִית חַשְׁמַלִּית.,ani rotsehh liqnot mechonit chashmalit.,Maniry ny hividy fiara mandeha herinaratra aho.
825,Olan'ny fiara,מָה קָרָה לָרֶכֶב שֶׁלְּךָ?,mah qarah larekhev shelkha?,Fa inona no nanjo ny fiaranao?
826,Olan'ny fiara,הָרֶכֶב שֶׁלִּי הִתְקַלְקֵל.,harekhev sheli mequlqal.,Simba ho azy ny fiarako.
827,Olan'ny fiara,יֵשׁ בְּעָיָה עִם הָרֶכֶב שֶׁלִּי.,yesh beayah im harekhev sheli.,Misy olana ny amin’ny fiarako
828,Olan'ny fiara,הֵיכָן אֲנִי יָכוֹל לִמְצֹא מְכוֹנַאי רֶכֶב טוֹב?,heykhan ani yakhol  limtso mekhonai rekhev tov?,Aiza kay ahafahako mahita mpanamboatra fiara efa za-draharaha?
829,Olan'ny fiara,"""יֵשׁ לִי פַּנְצֵ'ר.""",yesh li pancher.,Misy vaky ny kodiarako.
830,Olan'ny fiara,הַמָּנוֹעַ לֹא מֵנִיעַ.,hamanoa lo mania.,Tsy mihetsika ny maotera.
831,Olan'ny fiara,הַמַּזְגָן אֵינוֹ עוֹבֵד.,hamazgan eyno oved.,Tsy mandeha ny mpandrindra maripana.
832,Olan'ny fiara,אֲנִי צָרִיךְ לְהַחְלִיף אֶת הַשֶּׁמֶן.,ani tsarikh lehachlif et hashemen.,Mila manolo ny menaka aho.
833,Olan'ny fiara,הָיִיתִי מְעֹרָב בִּתְאוּנַת דְּרָכִים.,hayiti meorav biteunat drakhim.,Voarohirohy tamin’ny tranga loza fifamoivoizana aho.
834,Olan'ny fiara,הַאִם יֵשׁ לְךָ בִּטּוּחַ?,haim yesh lekha bituach?,Manana fiantohana ve ianao?
835,Olan'ny fiara,הֵיכָן אֲנִי יָכוֹל לִקְנוֹת בִּטּוּחַ?,heykhan ani yakhol  liqnot bituach?,Aiza kay no ahafahako mividy fiantohana?
836,Olan'ny fiara,כַּמָּה יַעֲלוּ הַתִּקּוּנִים?,kamah yaalu hatiqunim?,Ohatrinona ny fanamboarana ny simba?
837,Olan'ny fiara,אֲנִי חוֹשֵׁב שֶׁיֵּשׁ בְּעָיָה עִם ה..,ani choshev sheyesh beayah im ha…,Mihevitra aho fa misy olana ny…
838,Olan'ny fiara,מָנוֹעַ,manoa,Maotera
839,Olan'ny fiara,גַּלְגַּל,galgal,Kodia
840,Olan'ny fiara,הֶגֶה,hegeh,Familiana
841,Olan'ny fiara,דַּוְשַׁת הַבַּלָּם,davshat habalam,Pedaly hisatra
842,Olan'ny fiara,דַּוְשַׁת הַגַּז,davshat hagaz,Pedaly fanafainganana
843,Olan'ny fiara,"""דַּוְשַׁת הַקְּלָאץ'""",davshat haclutch,Pedaly famikirana
844,Olan'ny fiara,תֵּבַת הַהִלּוּכִים,teyvat hahilukhim,Boatim-pitaovana
845,Olan'ny fiara,שִׁמְשָׁה הַקִּדְמִית,shimshah kidmit,Fitaratra arorivotra anoloana
846,Olan'ny fiara,חֲגוֹרָה,chagorah,Fehikibo fiarovana
847,Olan'ny fiara,מַגָּב,magav,Mpamafa fitaratra
848,Olan'ny fiara,צְמִיג,tsmig,Kodiarana
849,Olan'ny fiara,פָּנָסִים,panasim,Fanilo anoloana
850,Olan'ny fiara,רַמְזוֹרִים,ramzorim,Jiro fifamoivoizana
851,Olan'ny fiara,מַעֲבַר חֲצִיָּה,maavar chatsiyah,Faritra voatsipika hiampitana
852,Olan'ny fiara,פְּקָק,pqaq,Fitohanan’ny fifamoivoizana
853,Olan'ny fiara,תַּמְרוּר,tamrur,Takelan-dalana fanambarana
854,Olan'ny fiara,דֶּרֶךְ חַד־סִטְרִית,derekh chad-sitrit,Lalana tsy azo hiverenana
855,Asa,"שָׁלוֹם, אֲנִי הַבָּחוּר הֶחָדָשׁ.",shalom. ani habachur hechadash.,"Finaritra, Izaho ilay tovolahy vaovao."
856,Asa,"בּוֹא, אֲנִי אַרְאֶה לְךָ אֶת הָעֶמְדָּה שֶׁלְּךָ.","bo, ani areh lekha et haemdah shelkha.","Avia, fa hatoroko anao ny toerana iasanao."
857,Asa,אֲנִי אֶקַּח אוֹתְךָ לִמְנַהֵל הַמִּשְׂרָד.,ani eqach otkha limenahel hamisrad.,Ho entiko any amin’ny mpitantana ny birao ianao.
858,Asa,אִם אַתָּה צָרִיךְ מַשֶּׁהוּ תְּיַדֵּעַ אוֹתִי.,im atah tsarikh mashehu teyadea oti.,Raha misy zavatra ilainao dia mampahafantarà ahy.
859,Asa,הֵיכָן הַקַּבָּלָה?,heykhan haqabalah?,Aiza kay ny fandraisana?
860,Asa,מָה תְּחוּם הַפְּעִילוּת שֶׁלְּךָ?,mah techum hapeylut shelkha ?,Inona no sehatr’asa misy anao?
861,Asa,אֲנִי מְעַצֵּב גְּרָפִי.,ani meatsev grafi.,Mpamboatra fanehoantsary.
862,Asa,אֲנִי עוֹבֵד בְּמַחְלֶקֶת הַנְהָלַת חֶשְׁבּוֹנוֹת.,ani oved bemachleqet hanhalat cheshbonot.,Miasa ao amin’ny departemantan’ny fitatanam-bola.
863,Asa,אֲנִי עוֹבֵד כַּפַּיִם.,ani oved kapayim.,Miasa amin’ny tanako aho.
864,Asa,לְאֵיזֶה תַּפְקִיד שָׂכְרוּ אוֹתְךָ?,leeyzeh tafkid sakhru otkha?,Inona asa iandreketana nanakaramana anao?
865,Asa,אֲנִי הוֹלֵךְ לִהְיוֹת אִישׁ הַמְּכִירוֹת הֶחָדָשׁ.,ani holekh lihiyot ish hamekhirot hechadash.,Handeha hiova ho mpitantana varotra vaovao aho.
866,Asa,אֲנִי צָרִיךְ לְדַבֵּר עִם מְנַהֵל הַמִּשְׂרָד.,ani tsarikh ledaber im menahel hamisrad.,Mila miresaka amin’ny mpitantana birao aho.
867,Asa,הוּא נִמְצָא בַּפְּגִישָׁה.,hu nimtsa bifgishah.,"Anaty fivoriana izy, mbola mivory izy."
868,Asa,הוּא יִהְיֶה פָּנוּי אַחֲרֵי אֲרוּחַת הַצָּהֳרַיִם.,hu yihyeh panui acharey aruchat hatsohorayim.,Malalaka izy aorian’ny mitataovovonana.
869,Asa,בְּאֵיזוֹ שָׁעָה הַפְּגִישָׁה?,beeyzo  shaah hapgishah?,Amin’ny firy ny fivoriana?
870,Asa,אֶפְשָׁר לְשַׁנּוֹת אֶת תַּאֲרִיךְ הַפְּגִישָׁה?,efshar leshanot et taarikh hapgishah?,Azo atao ve ny manova ny datin’ny fivoriana?
871,Asa,אֲנִי צָרִיךְ לְהָכִין מַצֶּגֶת.,ani tsarih lehakhin matseget.,Mila manomana famelabelarana aho mantsy.
872,Asa,מָתַי נוּכַל לְדַבֵּר שׁוּב?,matay nukhal ledaber shuv?,Oviana indray isika no afaka miresaka?
873,Asa,יֵשׁ לְךָ כַּרְטִיס בִּקּוּר?,yesh lekha kartis biqur?,Manana karatra fitsidihana ve ianao?
874,Asa,מָתַי הַמּוֹעֵד הָאַחֲרוֹן?,matay hamoed haacharon.,Oviana no fe-potoana farany?
875,Asa,אֲנִי אַתְחִיל לַעֲשׂוֹת אֶת זֶה עַכְשָׁו.,ani atchil laasot et zeh akhshav.,Hanomboko ny fanaovana azy ity izao.
876,Asa,אֲנִי לֹא חוֹשֵׁב שֶׁאֲסַיֵּם בַּזְּמַן.,ani lo choshev sheasaiyem bazman.,Tsy mihevitra aho fa hahavita ara-potoana.
877,Asa,בּוֹאוּ נֵצֵא לְהַפְסָקַת צָהֳרַיִם.,bo netse lehafsaqat tsohorayim.,Andeha isika hivoaka hoa amin’ny fiatoana ny atoandro.
878,Asa,שֶׁנֵּלֵךְ לִשְׁתּוֹת קָפֶה?,shenelekh lishtot qafeh?,Ahoana raha mba mandeha misotro kafe isika?
879,Asa,מִי יַחֲלִיף אוֹתָהּ?,mi yachlif otah?,Iza kay no hisolo toerana azy?
880,Asa,קֻדַּמְתִּי בַּשָּׁנָה שֶׁעָבְרָה.,kudamti bashanah sheavrah.,Nahazo fisondrotana amin’ny asa aho tamin’ny taona lasa.
881,Asa,הַאִם אַתָּה זָקוּק לְעֶזְרָה כָּלְשֶׁהִי?,haim atah zaquq leezrah kolshehi?,Tsy maintsy mila fanampian’olona tokoa ve ianao?
882,Asa,הַמַּדְפֶּסֶת אֵינָהּ עוֹבֶדֶת.,hamadpeset eynah ovedet.,Tsy mandeha ilay milina fanontana printy.
883,Asa,שְׁלַח לִי דֹּאַר מֵיְל.,shlach li doar meyil.,Andefaso hafatra mailaka aho.
884,Asa,הָאִינְטֶרְנֵט לֹא עוֹבֵד כָּרֶגַע.,hainternet lo oved karega.,Tsy mandeha ny aterineto amin’izao.
885,Asa,אֲנִי צָרִיךְ אֶת הַקְּבָצִים הָאֵלֶּה עַל הַשֻּׁלְחָן שֶׁלִּי הַיּוֹם.,ani tsarih et haqvatsim haeleh al hashulchan sheli hayom.,"Mila ireo rakitra, fisié ireo tonga eny ambonin’ny latabatro aho androany."
886,Asa,אֵיפֹה יְאַנֶּה מֵהַנְהָלַת חֶשְׁבּוֹנוֹת?,eyfoh yanah mehanhalat cheshbobot?,Aiza i Yanah izay ao amin’ny departemantan’ny fitantanam-bola?
887,Asa,הִיא חוֹלָה.,hi cholah.,Marary izy.
888,Asa,הִיא בְּחֹפֶשׁ.,hi bechofesh.,"Anatin’ny fotoam-pialatsasatra izy, manao vakansy izy"
889,Asa,אַתָּה מְפֻטָּר!,atah mefutar!,Voaroaka ianao!
890,Asa,אֲנִי רוֹצֶה לְהִתְפַּטֵּר.,ani rotseh lehitpater.,Maniry ny hametra-pialana aho.
891,Asa,עֵסֶק,esek.,Raharaham-barotra
892,Asa,מֶרְחַב הָעֲבוֹדָה,merchav haavodah.,Velaran-toerana iasana
893,Asa,מִשְׂרָד,misrad,"Toeram-piasana, birao"
894,Asa,פְּגִישָׁה,pgishah,"Fivoriana, fihaonana"
895,Asa,חֲדַר יְשִׁיבוֹת,chadar yeshivot,Efitra fanaovana fivoriana
896,Asa,מוֹעֵד אַחֲרוֹן,moed acharon,Fe-potoana farany
897,Asa,מְכִירוֹת,mekhirot,Varotra
898,Asa,פְּשִׁיטַת רֶגֶל,pshitat regel,"Fatiantoka, bankirompitra"
899,Asa,מַשְׁאַבֵּי אֱנוֹשׁ,mashavey enosh,Herivelona
900,Asa,חֶשְׁבּוֹנָאוּת,cheshbonaut,"fitantanam-bola, kaontim-bola"
901,Asa,שֻׁלְחַן כְּתִיבָה,shulchan ktivah,latabatra fanoratana
902,Asa,כִּסֵּא,kise,seza
903,Asa,בּוֹס,bos,"lehibe, patirào"
904,Asa,עוֹבֵד,over,mpiasa
905,Asa,עָמִית לָעֲבוֹדָה,amit laavodah,namana mpiara-miasa
906,Asa,מַזְכִּירָה,mazkirah,"mpitan-tsoratra, sekretera"
907,Asa,לָקוֹחַ,laqoach,mpanjifa
908,Asa,מְהַדֵּק,mehadek,"fanongoan-taratasy, agrafezy"
909,Asa,מַדְפֶּסֶת,madpeset,milina fanontana printy
910,Asa,אָרוֹן,aron,"lalimoara, vata"
911,Asa,עִפָּרוֹן,iparon,pensily
912,Asa,סֵדֶר יוֹם,seder yom,fandaharam-potoanan’ny tontolo andro
913,Asa,כַּרְטִיס בִּקּוּר,kartis biqur,"kara-manondro, karatra fitsidihana"
914,Asa,מָחַק,machaq,gaoma
915,Asa,מִסְפָּרַיִם,misparayim,hety
916,Asa,מַעֲטָפָה,maatafah,valopy
917,Adinadina,אֲנִי מְחַפֵּשׂ עֲבוֹדָה.,ani mechapes avodah.,Mitady asa aho.
918,Adinadina,אֲנִי צָרִיךְ עֲבוֹדָה.,ani tsarikh avodah.,Mila asa aho.
919,Adinadina,אֲנִי מֻבְטָל.,ani muvtal.,Tsy an’asa aho.
920,Adinadina,פֻּטַּרְתִּי.,putarti.,Noroasina aho.
921,Adinadina,סַפֵּר לִי עַל עַצְמְךָ!,saper li al atsmekha!,Tantarao ahy ny momba ny tenanao!
922,Adinadina,עָבַדְתִּי בְּמֶשֶׁךְ 5 שָׁנִים כ....,avadeti bemeshekh 5 shanim ke….,Niasa ho … nandritra ny 5 taona aho.
923,Adinadina,מְנַהֵל.,menahel.,mpitantana
924,Adinadina,מְחַנֵּךְ.,mechanekh.,mpanabe.
925,Adinadina,עוֹבֵד מִפְעָל.,oved mifal.,mpiasan’ny orinasa.
926,Adinadina,"בַּזְּמַן הַפָּנוּי שֶׁלִּי, אֲנִי אוֹהֵב ל....","bazman hapanui sheli, ani ohev le….","Amin’ny fotoana mampahalalaka ahy, izaho dia tia…"
927,Adinadina,לִלְמֹד שָׂפוֹת זָרוֹת.,lilmod safot zarot.,mianatra fitenim-pirenena vahiny.
928,Adinadina,לִקְרֹא עַל טֶכְנוֹלוֹגְיוֹת חֲדָשׁוֹת.,likro al tehnologiyot chadashot.,mamaky lahatsoratra momba ireo teknolojia vaovao.
929,Adinadina,לְפַרְסֵם בַּבְּלוֹג שֶׁלִּי.,lefarsem bablog sheli.,mamoaka lahatsoratra ao amin’ny blaogiko.
930,Adinadina,לַעֲשׂוֹת עֲבוֹדָה הִתְנַדְּבוּתִית.,laasot avodah hitnadvutit.,manao asa ilatsahana an-tsitrapo.
931,Adinadina,מָה הַחָזְקָה/הַחֻלְשָׁה הֲכִי גְּדוֹלָה שֶׁלָּךְ?,mah hachozqah/hachulshah hakhi gdolah shelkha ?,Inona no fahatanjahanao lehibe indrindra /fahaosanao lehibe indrindra amin’ny asa?
932,Adinadina,אֲנִי אִישׁ מְכִירוֹת מְיֻמָּן.,ani ish mekhirot meyuman.,Lehilahy mpivarotra kinga aho.
933,Adinadina,אֲנִי טוֹב מְאוֹד עִם מַחְשְׁבִים.,ani tov meod im machshevim.,Za-draharaha amin’ny fampiasana solosaina aho.
934,Adinadina,אֲנִי דּוֹבֵר שָׁלוֹשׁ שָׂפוֹת.,ani dover shalosh safot.,Miteny amin’ny fitenim-pirenena telo aho.
935,Adinadina,אֲנִי צָרִיךְ לִהְיוֹת יוֹתֵר מְאֻרְגָּן.,ani tsarikh lihiyot yoter meurgan.,Mila omena fandrindrana  kokoa aho…
936,Adinadina,יֵשׁ לִי מְעַט מְאוֹד נִסָּיוֹן מִשְׂרָדִי.,yesh li meat meod nisayon misradi.,Manana traikefa kely ny amin’ny asa birao aho.
937,Adinadina,אֲנִי חֲסַר סַבְלָנוּת.,ani chaser savlanut.,Tsy manana faharetana aho.
938,Adinadina,מָה נוֹתֵן לְךָ מוֹטִיבַצְיָה?,mah noten lekha motivatsiyah?,Inona no antony manosika anao?
939,Adinadina,לִהְיוֹת חֵלֶק מִקְּבוּצָה.,lihiyot cheleq miqvutsah.,ho lasa anisan’ny ekipa.
940,Adinadina,לִלְמֹד דְּבָרִים חֲדָשִׁים.,lilmod dvarim chadashim.,hianatra zavatra vaovao.
941,Adinadina,לִהְיוֹת מֶנְטוֹר.,lihiyot mentor.,ho mpanoro hevitra.
942,Adinadina,לָמָּה אַתָּה מְעֻנְיָן בָּעֲבוֹדָה הַזֹּאת?,lamah atah meunyan baavodah hazot?,Maninona no mahasarika ny sainao ity asa ity?
943,Adinadina,אֲנִי רוֹצֶה לְהִשְׁתַּפֵּר בַּתְּחוּם הַזֶּה.,ani rotseh lehishtaper batechum hazeh.,Maniry ny hanana fihatsarana eo amin’io  sehatra io aho.
944,Adinadina,אֲנִי מָלֵא בִּתְשׁוּקָה מ....,ani male bitshuqah me…,I am passionate about ….
945,Adinadina,חִנּוּךְ,chinukh,"fanabeazana, fampianarana"
946,Adinadina,עֲבוֹדָה עִם אֲנָשִׁים,avodah im anashim,asa miaraka amin’olona
947,Adinadina,טֶכְנוֹלוֹגְיָה,tekhnologiyah,teknolijia
948,Adinadina,מְכוֹנִיּוֹת,mekhoniyot,fiarakodia
949,Adinadina,כֵּיצַד אַתָּה מִתְמוֹדֵד עִם לַחַץ?,keytsad atah mitmoded im lachats?,Ahoana no fahazakanao miatrika fanerena?
950,Adinadina,אֲנִי עוֹבֵד טוֹב יוֹתֵר תַּחַת לַחַץ.,ani over tov yoter tachat lachats.,Tena miasa tsara ambany fanerena aho.
951,Adinadina,אֲנִי מְנַסֶּה לְהִמָּנַע מִלַּחַץ.,ani menaseh lehimana melachats.,I try to avoid stress.
952,Adinadina,אֲנִי יָכוֹל לְהִתְמוֹדֵד עִם לַחַץ.,ani yakhol  lehitmoded im lachats.,I can handle stress.
953,Adinadina,הַאִם אַתָּה עוֹבֵד הֵיטֵב עִם אֲנָשִׁים אֲחֵרִים?,haim atah oved heytev im anashim acherim?,Ianao ve mba mahay miasa asa miaraka amin’ny olon-kafa?
954,Adinadina,עֲבוֹדָה עִם אֲנָשִׁים אֲחֵרִים מְשַׁפֶּרֶת אוֹתִי.,avodah im anashim acherim meshaperet oti.,Ny asa miaraka amin’ny hafa dia manatsara ny fahaizako.
955,Adinadina,אֲנִי אוֹהֵב לְשַׁתֵּף רַעֲיוֹנוֹת עִם אֲחֵרִים.,ani ohev leshatef raayonot im acherim.,Tia mifampizara hevitra amin’ny olon-kafa aho.
956,Adinadina,אֲנִי מַקְשִׁיב בְּסַבְלָנוּת.,ani makshiv besavlanut.,I am a patient listener.
957,Adinadina,לָמָּה כְּדַאי לָנוּ לְהַעֲסִיק אוֹתָךְ?,lamah kedai lanu lehaasiq otkha?,Nahoana moa izany izahay no tokony handray anao ho mpiasa?
958,Adinadina,יֵשׁ לִי הַרְבֵּה נִסָּיוֹן.,yesh li harbeh nisayon.,Be traikefa aho.
959,Adinadina,אֲנִי עוֹבֵד חָרוּץ.,ani oved charuts.,Mpiasa mazoto aho.
960,Adinadina,אֵיפֹה אַתָּה רוֹאֶה אֶת עַצְמְךָ בְּעוֹד חָמֵשׁ שָׁנִים?,eyfoh atah roeh et atsmekha beod chamesh shanim?,Ahoana no ahitanao ny tenanao afaka dimy taona?
961,Adinadina,אֲנִי רוֹצֶה לִהְיוֹת מֻמְחֶה בַּתְּחוּם הַזֶּה.,ani rotseh lihiyot mumcheh batechum hazeh.,Te ho lasa matihanina eo amin’io sehatra io aho.
962,Adinadina,אֲנִי רוֹצֶה לִצְמֹחַ בְּתוֹךְ הַחֶבְרָה הַזֹּאת.,ani rotseh litsmoach betokh hachevrah hazot.,Te hitombo ato anivon’ity kaompanÿ ity aho.
963,Adinadina,הַאִם יֵשׁ לְךָ נִסָּיוֹן כָּלְשֶׁהוּ בַּתְּחוּם הַזֶּה?,haim yesh lekha nisayon kolshehu batechum hazeh?,Manana traikefa ny amin’io sehatra io ve ianao?
964,Adinadina,יֵשׁ לִי מְעַט נִסָּיוֹן אֲבָל אֲנִי לוֹמֵד מַהֵר.,yesh li meat nisayon aval ani lomed maher.,"Kely ihany ny traikefa ananako, nefa kosa haingana fianatra aho."
965,Adinadina,לָמָּה אַתָּה עוֹזֵב אֶת הָעֲבוֹדָה שֶׁלְּךָ?,lamah atah ozev et haavodah shelkha ?,Nahoana no nialanao ny asanao?
966,Adinadina,אֲנִי מְחַפֵּשׂ אֶתְגָּר חָדָשׁ.,ani mechapes etgar chadash.,Mitady fanamby vaovao aho.
967,Adinadina,אֲנִי עוֹבֵר לְאֵזוֹר הַזֶּה.,ani over laezor hazeh.,"""Mifindra ety amin’ny faritra ety aho."""
968,Adinadina,אֲנִי מַעֲדִיף לִהְיוֹת קָרוֹב לַבַּיִת.,ani maadif lihiyot qarov labait.,Aleoko kokoa mba akaiky ny trano.
969,Adinadina,מַדּוּעַ פּוֹטֶרֶת?,madua putarta?,Maninona no voaroaka ianao?
970,Adinadina,דֵּעוֹת שׁוֹנוֹת עִם הַצֶּוֶת שֶׁלִּי.,deot shonot im hatsevet sheli.,Hevitra samihafa miaraka amin’ny vondron’ny mpiasa misy ahy.
971,Adinadina,הָעֲבוֹדָה שֶׁלִּי עָבְרָה לְמָקוֹם אַחֵר.,haavodah sheli avrah lemakom acher.,Nifindra ho amin’ny toerana hafa ny asako.
972,Adinadina,מָה צִפִּיּוֹת הַשָּׂכָר שֶׁלְּךָ?,mah tsipiyot hasakhar shelkha ?,Ohatrinona no karama andrandrainao?
973,Adinadina,הַאִם יֵשׁ לְךָ שְׁאֵלוֹת כָּלְשֶׁהֵן עֲבוּרֵנוּ?,haim yesh lekha sheelot kolshehen avorenu?,Manana fanontaniana ny momba anay ve ianao?
974,Fanandroana sy vintana,מָה הַמַּזָּל שֶׁלָּךְ?,mah hamazal shelkha?,Inona no vintanao?
975,Fanandroana sy vintana,הַמַּזָּל שֶׁלִּי הוּא..,hamazal sheli hu…,…no vintanako.
976,Fanandroana sy vintana,בְּאֵיזֶה יוֹם נוֹלַדְתָּ?,beeyzeh yom noladeta?,Andro inona no nahaterahanao?
977,Fanandroana sy vintana,נוֹלַדְתִּי ב 11 בְּמֵרְץ.,noladeti be 11 be merts,Teraka ny 11 martsa aho.
978,Fanandroana sy vintana,הַמַּזָּל שֶׁלְּךָ הוּא מַזַּל דָּגִים.,hamazal shelkha hu mazal dagim.,Vintana trondro no vintanao.
979,Fanandroana sy vintana,מִסְפַּר הַמַּזָּל שֶׁלִּי הוּא..,mispar hamazal sheli hu…,…no isa manambina ahy.
980,Fanandroana sy vintana,צֶבַע הַמַּזָּל שֶׁלִּי הוּא..,tseva hamazal sheli hu…,…no loko mambina ahy.
981,Fanandroana sy vintana,מַזָּל טָלֶה,mazal taleh,Vintana ondrilahy
982,Fanandroana sy vintana,מַזָּל שׁוֹר,mazal shor,Vintana ombimanga
983,Fanandroana sy vintana,מַזָּל תְּאוֹמִים,mazal teomim,Vintana kambana
984,Fanandroana sy vintana,מַזַּל סַרְטָן,mazal sartan,Vintana kanserà
985,Fanandroana sy vintana,מַזַּל אַרְיֵה,mazal aryeh,Vintana liona
986,Fanandroana sy vintana,מַזַּל בְּתוּלָה,mazal betulah,Vintana virjiny
987,Fanandroana sy vintana,מַזַּל מֹאזְנַיִם,mazal moznayim,Vintana mizana
988,Fanandroana sy vintana,מַזַּל עַקְרָב,mazal aqrav,Vintana maingoka
989,Fanandroana sy vintana,מַזָּל קֶשֶׁת,mazal qeshet,Vintana tsipîka
990,Fanandroana sy vintana,מַזָּל גֶּדִי,mazal gedi,Vintana osy
991,Fanandroana sy vintana,מַזָּל דְּלִי,mazal dli,Vintana siny
992,Fanandroana sy vintana,מַזַּל דָּגִים,mazal dagim,vintana trondro
993,Fanandroana sy vintana,לוּחַ הַמַּזָּלוֹת הַסִּינִי,luach hamazalot hasini,fafana tonom-bintana sinoa
994,Fanandroana sy vintana,עַכְבְּרוֹשׁ,achbarosh,voalavo
995,Fanandroana sy vintana,שׁוֹר,shor,ombimanga
996,Fanandroana sy vintana,נָמֵר,namer,tigra
997,Fanandroana sy vintana,אַרְנָב,arnav,rabitro
998,Fanandroana sy vintana,דְּרָקוֹן,drakon,dragona
999,Fanandroana sy vintana,נָחָשׁ,nachash,menarana
1000,Fanandroana sy vintana,סוּס,sus,soavaly
1001,Fanandroana sy vintana,כִּבְשָׂה,kivsah,ondry
1002,Fanandroana sy vintana,קוֹף,qof,gindro
1003,Fanandroana sy vintana,תַּרְנְגוֹל,tarnegol,akoholahy
1004,Fanandroana sy vintana,כֶּלֶב,kelev,alika
1005,Fanandroana sy vintana,חֲזִיר,chazir,kisoa